signals,_T_181,sbus.system_bus_xbar._T_2625,pbus.in_xbar.auto_in_d_valid,bh.auto_out_d_bits_size,tile.dcache.auto_out_b_valid,tile.dcache._T_686,tile.dcache._T_688,tile.dcache._T_781,tile.dcache._T_4273,tile.dcache.data._T_227,tile.dcache.data.data_arrays_0.RW0_wmode,tile.dcache.data.data_arrays_0.RW0_wmask_1,tile.dcache.data.data_arrays_0.RW0_wmask_8,tile.dcache.data.data_arrays_0.RW0_wmask_23,tile.dcache.data.data_arrays_0.RW0_wmask_24,tile.dcache.data.data_arrays_0.RW0_wmask_32,tile.dcache.data.data_arrays_0.RW0_wmask_41,tile.dcache.data.data_arrays_0.RW0_wmask_49,tile.dcache.data.data_arrays_0.RW0_wmask_57,tile.dcache.data.data_arrays_1.RW0_rdata_9,tile.dcache.data.data_arrays_1.data_arrays_0_ext.mem_0_1.CSB1,tile.dcache.tlb._T_354,tile.dcache.tlb.pmp._T_1089,tile.hwacha.io_cmd_bits_inst_rd,tile.hwacha.vus.vxuInst.seqInst.io_debug_second_sched_1,tile.hwacha.vus.vxuInst.seqInst._T_6035,tile.hwacha.vus.vxuInst.seqInst._T_6102,tile.hwacha.vus.vxuInst.seqInst._T_6418,tile.hwacha.vus.vxuInst.seqInst._T_6824,tile.hwacha.vus.vxuInst.seqInst._T_7171,tile.hwacha.vus.vxuInst.seqInst._T_7521,tile.hwacha.vus.vxuInst.seqInst._T_7748,tile.hwacha.vus.vxuInst.seqInst._T_13004,tile.hwacha.vus.vxuInst.seqInst._T_13017,tile.hwacha.vus.vxuInst.seqInst._T_15049,tile.hwacha.vus.vxuInst.seqInst._T_16830,tile.hwacha.vus.vxuInst.seqInst._T_17024,tile.hwacha.vus.vxuInst.seqInst._T_17267,tile.hwacha.vus.vxuInst.seqInst._T_18004,tile.hwacha.vus.vxuInst.seqInst._T_18300,tile.hwacha.vus.vxuInst.seqInst._T_18489,tile.hwacha.vus.vxuInst.laneInst.bankInst.aluInst.io_req_bits_eidx,tile.hwacha.vus.vxuInst.laneInst.bankInst.rfInst._T_385,tile.hwacha.vus.vxuInst.laneInst.vfmuInst._T_1246,tile.hwacha.vus.vxuInst.laneInst.vfmuInst.fmaInst_1.mulAddRecFNToRaw_postMul._T_202,tile.hwacha.vus.vxuInst.laneInst.vfmuInst_1._T_780,tile.hwacha.vus.vxuInst.laneInst.vfmuInst_2._T_640,tile.hwacha.vus.vxuInst.laneInst.vfmuInst_2.fmaInst_1.io_a,tile.hwacha.vus.vxuInst.laneInst.vfmuInst_2.fmaInst_1.mulAddRecFNToRaw_postMul._T_270,tile.hwacha.vus.vxuInst.laneInst.vfmuInst_3.fmaInst_1.roundRawFNToRecFN.roundAnyRawFNToRecFN._T_94,tile.hwacha.vus.vxuInst.laneInst.vfvuInst.fn_fp,tile.hwacha.vus.vxuInst.dccInst.vduInst.ctrlInst.io_lpq_ready,tile.hwacha.vus.vxuInst.dccInst.vduInst.idivInst.divInst._T_289,tile.hwacha.vus.vxuInst.dccInst.vduInst.idivInst.divInst._T_357,tile.hwacha.vus.vxuInst.dccInst.vduInst.fdivInst._T_961,tile.hwacha.vus.vxuInst.dccInst.vduInst.fdivInst.divInst.ds.divSqrtRecF64ToRaw._T_518,tile.hwacha.vus.vxuInst.dccInst.vduInst.fdivInst.outtagqInst._T_43,tile.hwacha.vus.vxuInst.dccInst.vguInst.lrqInst._T_55,tile.hwacha.vus.vxuInst.dccInst.vpuInst.bpqInst_2._T_41,tile.frontend.auto_icache_master_out_d_valid,tile.frontend.icache._T_428,tile.frontend.icache.s2_tag_hit_3,tile.frontend.icache.s2_tag_hit_4,tile.frontend.icache.s2_tag_hit_5,tile.frontend.icache._T_1167,tile.frontend.icache.data_arrays_0.RW0_en,tile.frontend.icache.data_arrays_1.RW0_en,tile.frontend.fq.io_enq_bits_btb_entry,tile.frontend.BTB.io_resp_bits_bht_value,tile.frontend.BTB._T_403,tile.frontend.BTB._T_442,tile.frontend.BTB._T_459,tile.frontend.BTB._T_516,tile.frontend.BTB._T_517,tile.frontend.BTB._T_646,tile.frontend.BTB._T_778,tile.frontend.BTB._T_825,tile.frontend.BTB._T_828,tile.frontend.BTB._T_1030,tile.frontend.BTB._T_1065,tile.frontend.BTB._T_1079,tile.frontend.BTB._T_1109,tile.frontend.BTB._T_1128,tile.frontend.BTB._T_1137,tile.frontend.BTB._T_1247,tile.fpuOpt.sfma.io_in_bits_fmaCmd,tile.core.ex_reg_inst_25_,tile.core.mem_reg_inst_7_,tile.core.mem_reg_inst_17_,tile.core._T_374,tile.core._T_598,tile.core._T_1623,tile.core._T_1305,tile.core._T_1768,tile.core._T_1873,tile.core._T_1897,tile.core.ibuf._T_95,tile.core.ibuf._T_79,tile.core.alu._T_138,tile.core.div._T_45,tile.core.csr._T_3741,tile.core.csr._T_3743,tile.core.csr._T_3744,tile.core.csr._T_3746,tile.core.csr._T_3747,tile.core.csr._T_3748,tile.core.csr._T_3749,tile.core.csr._T_3765,tile.core.csr._T_3767,tile.core.csr._T_3832,tile.core.csr._T_3955,tile.core.csr._T_3956,tile.core.csr._T_4128
widths,7,4,1,3,1,4,2,64,2,1,1,1,1,1,1,1,1,1,1,8,1,41,3,5,1,1,1,1,1,1,1,1,1,1,8,1,1,1,1,1,1,9,2,7,13,12,14,33,8,3,2,1,2,2,6,15,1,1,1,1,1,1,1,1,32,1,1,5,1,6,1,1,1,1,3,2,1,1,2,2,2,2,1,1,8,2,1,1,1,1,1,1,1,39,2,1,5,16,64,1,1,1,1,2,2,2,1,1,1,1,1,1,1
modules,HwachaTop,RocketDatapath,RocketDCache,HwachaSequencer,HwachaVMU,RocketFPU,RocketFrontend,HwachaScalar,ICache,HwachaVXU,HwachaRF,HwachaFMU,Uncore
const,129.7298066287656,4.567328588781449,4.083874332563474,3.748580059697083,1.9048073452467504,0.8445258843148864,2.1146681127670623,2.6217548213878894,6.662667049075866,22.73442964740123,34.34161398588484,0.6500183094386471,30.745708526723035
sbus.system_bus_xbar._T_2625,0.3163920942154916,0.0,0.904309116253693,0.0,0.0,0.0,0.0,0.0,17.464031837395183,0.0,0.0,0.0,0.0
pbus.in_xbar.auto_in_d_valid,0.0,0.0,0.0,0.0,0.0,0.0,0.0,0.0,0.0,0.0,0.0,0.0,-1.674315838240828
bh.auto_out_d_bits_size,9.167725411876201,2.4675657779664024,0.0,14.231914472333438,11.015320314712412,0.0,0.9839107361449265,11.509906430038345,0.0,15.384267874077418,13.680455836055891,0.0,29.980124079957427
tile.dcache.auto_out_b_valid,0.0,0.0,0.0,1.2464888819866757,0.0,0.0,0.0,0.0,0.0,0.5079068641016166,0.0,2.1974293558631364,-21.65842704897733
tile.dcache._T_686,0.0,0.5879673895710004,0.0,0.0,0.0,0.0,0.0,0.0,0.0,0.0,0.0,0.0,0.0
tile.dcache._T_688,0.0,0.2597614487524793,2.1819819182392144,0.0,0.0,0.0,0.0,0.0,0.0,0.0,0.0,0.0,0.0
tile.dcache._T_4273,0.0,0.0,22.919456234921995,0.0,0.0,0.0,0.0,0.0,2.749105499665549,0.0,0.0,0.0,0.0
tile.dcache.data._T_227,5.948380819816465,0.33132981711599085,15.816517898691853,0.0,0.0,0.0,0.5400006300566995,0.0,1.869007689639647,0.0,0.0,0.0,0.0
tile.dcache.data.data_arrays_0.RW0_wmode,0.0,0.0,0.0,0.0,0.0,0.0,0.0,0.0,0.0,0.0,0.0,0.0,-0.15100461988082303
tile.dcache.data.data_arrays_0.RW0_wmask_8,0.0,0.1698490740400497,1.0603282335925879,0.0,0.0,0.0,0.0,0.0,0.0,0.0,0.0,0.0,0.0
tile.dcache.data.data_arrays_0.RW0_wmask_23,0.0,0.0027154091748635583,0.07460767282076476,0.0,0.0,0.0,0.0,0.0,0.0,0.0,0.0,0.0,0.0
tile.dcache.data.data_arrays_0.RW0_wmask_49,0.0,0.020797034742159777,0.27942218076032416,0.0,0.0,0.0,0.0,0.0,0.0,0.0,0.0,0.0,0.0
tile.dcache.data.data_arrays_0.RW0_wmask_57,0.0,0.04138450468223088,0.3391609542675565,0.0,0.0,0.0,0.0,0.0,0.0,0.0,0.0,0.0,0.0
tile.dcache.data.data_arrays_1.data_arrays_0_ext.mem_0_1.CSB1,0.0,0.0,0.0,0.0,0.0,0.0,0.0,0.0,0.0,0.0,0.0,0.0,-3.6316000053082287
tile.dcache.tlb.pmp._T_1089,0.0,0.0,0.0,0.0,0.0,10.33461482919483,0.0,0.0,0.0,0.0,0.0,0.0,0.0
tile.hwacha.io_cmd_bits_inst_rd,11.918085904645661,0.0,0.0,0.0,0.0,0.0,0.0,0.7561816256345365,0.41773105914142455,0.0,0.0,0.0,0.0
tile.hwacha.vus.vxuInst.seqInst.io_debug_second_sched_1,4.29195130206805,0.0,0.0,0.0,0.0,0.0,0.0,0.08151851176810834,0.0,1.9361364448302882,0.0,0.0,0.0
tile.hwacha.vus.vxuInst.seqInst._T_6035,0.0,0.0,0.0,0.0,0.0,0.0,0.0,0.0,0.0,0.0,0.46536928326028265,0.0,0.0
tile.hwacha.vus.vxuInst.seqInst._T_6102,3.9210094912117346,0.0,0.0,0.0,0.0,0.0,0.0,0.1483792158498919,0.0,0.1588935910522547,1.525975663525871,0.0,0.0
tile.hwacha.vus.vxuInst.seqInst._T_6418,5.418026240079054,0.0,0.0,0.0,0.006108713245964338,0.24009412332041638,0.0,0.01589785258917291,0.0,0.37777115023594093,2.26980027202037,0.0,0.0
tile.hwacha.vus.vxuInst.seqInst._T_7171,0.5048703481904254,0.0,0.0,0.45648339586005476,0.0,0.0,0.0,0.0,0.0,0.0,0.5687418152115704,0.0,0.0
tile.hwacha.vus.vxuInst.seqInst._T_7748,0.0,0.0,0.0,0.0,0.0023033207110997084,0.17226221462172636,0.0,0.0,0.0,0.0,1.3591790801731973,0.0,0.0
tile.hwacha.vus.vxuInst.seqInst._T_13004,2.8950547292740896,0.0,0.0,0.13140167325617674,0.0,0.0,0.0,0.06117470409904223,0.0,0.07089869639704485,2.235909534495255,0.0,0.0
tile.hwacha.vus.vxuInst.seqInst._T_13017,2.388429332304406,0.0,0.0,0.1032001297829398,0.0,0.0,0.0,0.16389828114225974,0.0,0.4273514898222505,1.8265145668841618,0.0,0.0
tile.hwacha.vus.vxuInst.seqInst._T_15049,29.012567412414064,0.0,0.0,2.241580019592533,0.5457117718892769,0.0,0.0,0.8565764359530386,0.0,6.17743316195992,4.01415140225032,0.0,1.7586858809736725
tile.hwacha.vus.vxuInst.seqInst._T_16830,9.229258947558629,0.0,0.0,2.005615511257116,0.9218649533244034,1.9797148417991317,0.0,0.42368378457689804,0.0,1.676366292363088,4.0185665842469245,1.44085255979964,1.2143931506915855
tile.hwacha.vus.vxuInst.seqInst._T_17024,0.7802277317551227,0.0,0.0,0.0,0.3772957758266008,0.0,0.0,0.0,0.0,0.39764788170466836,3.5568981094478813,2.0207476572518885,1.7033217378684422
tile.hwacha.vus.vxuInst.seqInst._T_17267,4.106406410359507,0.0,0.0,0.0,0.0,0.0,0.0,0.0,0.0,0.4239187111857928,7.133267423007786,1.9248282286353022,0.0
tile.hwacha.vus.vxuInst.seqInst._T_18004,1.9765680530502334,0.0,0.0,0.0002377744403561126,0.409035064655946,0.0,0.0,0.0,0.0,1.4054745016901435,6.240022988754288,4.08488990534242,1.533872774911305
tile.hwacha.vus.vxuInst.seqInst._T_18300,0.0,0.0,0.0,0.2886441942152945,0.0,0.0,0.0,0.0,0.0,0.7680676866310037,2.6597318258067593,3.1602749404395767,0.0
tile.hwacha.vus.vxuInst.seqInst._T_18489,0.0,0.0,0.0,0.0,0.0,0.0,0.0,0.0,0.0,0.6147824153240349,0.48803371199539763,1.1488227854508661,0.0
tile.hwacha.vus.vxuInst.laneInst.bankInst.aluInst.io_req_bits_eidx,0.0,0.0,0.0,0.0,0.0,0.0,0.0,1.8527205256162136,0.0,20.07918284201062,0.0,0.0,0.0
tile.hwacha.vus.vxuInst.laneInst.vfmuInst._T_1246,0.0,0.0,0.0,0.38250736459279694,0.6542384099639572,0.0,0.0,0.0,0.0,2.912867329756888,3.582587975203419,22.785725607685162,0.0
tile.hwacha.vus.vxuInst.laneInst.vfmuInst.fmaInst_1.mulAddRecFNToRaw_postMul._T_202,0.0,0.0,0.0,0.0,0.0,0.0,0.0,0.0,0.0,0.18595125412519434,0.5653945455803976,1.5239660225637373,0.0
tile.hwacha.vus.vxuInst.laneInst.vfmuInst_1._T_780,138.5181554420207,0.0,0.0,0.0,4.5589385146476875,12.758322213702177,0.0,5.693438999514557,0.0,7.263593435598926,3.4820113921394116,51.78664673415954,12.987011376455067
tile.hwacha.vus.vxuInst.laneInst.vfmuInst_2._T_640,39.18032596291994,0.0,0.0,0.0,0.0,0.0,0.0,0.0,0.0,0.0,0.0,115.48279175587321,0.0
tile.hwacha.vus.vxuInst.laneInst.vfmuInst_2.fmaInst_1.io_a,0.0,0.0,0.0,5.2346714280147175,0.0,0.0,0.0,0.0,0.0,6.221959776732403,0.0,37.800773537651,0.0
tile.hwacha.vus.vxuInst.laneInst.vfmuInst_2.fmaInst_1.mulAddRecFNToRaw_postMul._T_270,0.0,0.0,0.0,0.0,0.0,0.0,0.0,0.0,0.0,0.0,0.986401517379643,1.433609925640809,0.0
tile.hwacha.vus.vxuInst.laneInst.vfmuInst_3.fmaInst_1.roundRawFNToRecFN.roundAnyRawFNToRecFN._T_94,0.0,0.0,0.0,0.0,0.0,0.0,0.0,0.0,0.0,1.7802018569732458,0.0,0.0,0.0
tile.hwacha.vus.vxuInst.laneInst.vfvuInst.fn_fp,126.5052485696463,0.41060039529528664,0.0,2.809813717000802,2.165058099089695,32.03626679434297,0.0,17.51923233137039,0.0,10.092810269226067,8.25525003815212,88.41480819541053,11.752597544632561
tile.hwacha.vus.vxuInst.dccInst.vduInst.ctrlInst.io_lpq_ready,0.0,0.17735318529462155,0.0,0.0,0.0,0.0,0.0,0.7012075341110643,0.0,9.609299786458905,4.283867405176443,0.0,0.0
tile.hwacha.vus.vxuInst.dccInst.vduInst.idivInst.divInst._T_357,0.0,0.8322012252277939,0.0,0.0,2.577041405650454,0.0,0.0,8.524468505058652,0.0,21.691482100219115,9.106072170672036,0.0,0.0
tile.hwacha.vus.vxuInst.dccInst.vduInst.fdivInst.divInst.ds.divSqrtRecF64ToRaw._T_518,3.6590553147064635,0.0,0.0,0.0,0.0,0.0,0.0,1.5746270598158356,0.0,27.773986652102607,0.0,0.0,0.0
tile.hwacha.vus.vxuInst.dccInst.vduInst.fdivInst.outtagqInst._T_43,0.0,0.0,0.0,0.0,0.0,0.0,0.0,0.0,0.0,9.231610351886182,0.0,0.0,0.0
tile.hwacha.vus.vxuInst.dccInst.vguInst.lrqInst._T_55,0.0,0.0,0.0,0.0,3.3356614705321115,0.0,0.0,0.0,0.0,0.5560332423491163,2.2687734110726367,0.0,0.0
tile.hwacha.vus.vxuInst.dccInst.vpuInst.bpqInst_2._T_41,0.0,0.0,0.0,25.01708238834461,10.988352597371664,0.0,0.0,5.727243108309555,0.0,16.672647008518048,17.32933025302711,0.0,12.172194097127651
tile.frontend.auto_icache_master_out_d_valid,0.0,0.0,0.0,0.0,0.0,0.0,0.6634153136288928,0.0,0.0,0.0,0.0,0.0,0.0
tile.frontend.icache.data_arrays_0.RW0_en,0.0,0.0,0.0,0.0,0.0,0.0,0.3114584246961912,0.0,3.0488042917335854,0.0,0.0,0.0,-0.7384752424278167
tile.frontend.icache.data_arrays_1.RW0_en,0.0,0.0,0.0,0.0,0.0,0.0,0.5236969761570966,0.0,3.444752702954895,0.0,0.0,0.0,-0.9513011286750935
tile.frontend.BTB._T_403,0.0,0.0,0.0,0.0,0.0,0.0,0.8233208999869194,0.0,0.0,0.0,0.0,0.0,0.0
tile.frontend.BTB._T_828,0.0,0.0,0.0,0.0,0.0,0.0,0.060892968313486916,0.0,0.0,0.0,0.0,0.0,0.0
tile.frontend.BTB._T_1247,0.0,0.9532928367858176,0.0,0.0,0.0,0.0,1.0820921766988794,0.0,0.34989946293521496,0.0,0.0,0.0,0.0
tile.fpuOpt.sfma.io_in_bits_fmaCmd,0.0,0.0,0.0,0.0,0.0,5.446913569819748,0.0,0.0,0.0,0.0,0.0,0.0,0.0
tile.core.ex_reg_inst_25_,0.0,0.34349485844564737,0.0,0.0,0.0,0.0,0.06668159154022016,0.0,0.0,0.0,0.0,0.0,0.0
tile.core.mem_reg_inst_7_,0.0,0.5789335669662379,0.49075398997273845,0.0,0.0,0.0,0.0,0.0,0.5025077330753003,0.0,0.0,0.0,0.0
tile.core._T_374,0.0,0.0,0.0,0.0,0.0,0.0,0.07866651605093256,0.0,0.43225247892108526,0.0,0.0,0.0,0.0
tile.core._T_598,0.0,0.14205454279042778,0.0,0.0,0.0,0.0,0.0,0.0,0.3151889427729211,0.0,0.0,0.0,0.0
tile.core._T_1305,0.0,0.40538090219815204,0.0,0.0,0.0,0.0,0.43070476488420156,0.0,0.2561463048357639,0.0,0.0,0.0,0.0
tile.core._T_1768,0.0,0.6157363718816865,0.0,0.0,0.0,0.0,0.0,0.0,0.0,0.0,0.0,0.0,0.0
tile.core._T_1873,0.0,4.993308130714519,0.0,0.0,0.0,0.0,0.0,0.0,0.0,0.0,0.0,0.0,0.0
tile.core.ibuf._T_95,3.2554295846984944,0.5401451981275015,8.612972284214177,0.0,0.0,0.0,1.7111478133513907,0.0,6.4722732054700405,0.0,0.0,0.0,0.0
tile.core.ibuf._T_79,0.0,1.7348752202407272,0.0,0.0,0.0,0.0,1.1478011220955189,0.0,3.3161331169854464,0.0,0.0,0.0,-0.3481242939612432
tile.core.alu._T_138,0.0,1.4850630567026446,2.4251121149006543,0.0,0.0,0.0,0.0,0.0,2.1166095655185173,0.0,0.0,0.0,0.0
tile.core.div._T_45,0.0,0.47646317433430463,0.0,0.0,0.0,0.0,0.0,0.0,0.08908693776291905,0.0,0.0,0.0,0.0
tile.core.csr._T_3741,0.0,0.3256781268789338,0.46694659717595294,0.0,0.0,0.0,0.0,0.0,0.0,0.0,0.0,0.0,0.0
tile.core.csr._T_3743,0.0,0.11879084171666986,0.0,0.0,0.0,0.0,0.0003282331318803793,0.0,0.0,0.0,0.0,0.0,0.0
tile.core.csr._T_3744,0.0,0.16057625928428682,0.0,0.0,0.0,0.0,0.0,0.0,0.0,0.0,0.0,0.0,0.0
tile.core.csr._T_3746,0.0,0.18548548676775187,0.0,0.0,0.0,0.0,0.0,0.0,0.0,0.0,0.0,0.0,0.0
tile.core.csr._T_3747,0.0,0.1644464582349385,0.0,0.0,0.0,0.0,0.0,0.0,0.0,0.0,0.0,0.0,0.0
tile.core.csr._T_3767,0.0,0.16812575229579213,0.0,0.0,0.0,0.0,0.0,0.0,0.0,0.0,0.0,0.0,0.0
tile.core.csr._T_3832,0.0,0.09743288505454195,0.0,0.0,0.0,0.0,0.0,0.0,0.0,0.0,0.0,0.0,0.0
tile.core.csr._T_4128,0.0,0.13434971126985124,0.0,0.0,0.0,0.0,0.0,0.0,0.0,0.0,0.0,0.0,0.0
_T_181*sbus.system_bus_xbar._T_2625,0.0,0.0,0.0,0.0,0.0,0.0,0.0,0.0,56.150369008941325,0.0,0.0,0.0,0.0
_T_181*pbus.in_xbar.auto_in_d_valid,0.0,0.0,0.0,0.0,0.0,0.0,0.0,0.0,0.0,0.0,0.0,0.0,-6.621179950554379
_T_181*bh.auto_out_d_bits_size,28.69468739744535,7.941693775504521,0.0,49.38990572364587,0.9057800307416998,2.62138399996472,4.347736421328126,40.05443236602305,0.0,53.76487364497305,50.02998154013604,36.91325786365746,104.83905600526585
_T_181*tile.dcache.auto_out_b_valid,0.0,0.0,0.0,4.263466377006172,0.0,0.0,0.0,0.0,0.0,1.1752586531716054,0.0,0.0,-78.05660693953912
_T_181*tile.dcache._T_686,0.0,2.1653079653980387,0.0,0.0,0.0,0.0,0.0,0.0,0.0,0.0,0.0,0.0,0.0
_T_181*tile.dcache._T_688,0.0,0.93527234869068,0.0,0.0,0.0,0.0,0.0,0.0,0.0,0.0,0.0,0.0,0.0
_T_181*tile.dcache.data._T_227,18.12273539412185,1.1562400582986088,0.0,0.0,0.0,0.0,0.597276171096885,0.0,6.454420221024585,0.0,0.0,0.0,0.0
_T_181*tile.dcache.data.data_arrays_0.RW0_wmode,0.0,0.0,0.0,0.0,0.0,0.0,0.0,0.0,0.0,0.0,0.0,0.0,-2.915547561275089
_T_181*tile.dcache.data.data_arrays_0.RW0_wmask_8,0.0,0.5035772516034549,0.0,0.0,0.0,0.0,0.0,0.0,0.0,0.0,0.0,0.0,0.0
_T_181*tile.dcache.data.data_arrays_0.RW0_wmask_57,0.0,0.009386840489622433,0.0,0.0,0.0,0.0,0.0,0.0,0.0,0.0,0.0,0.0,0.0
_T_181*tile.dcache.data.data_arrays_1.data_arrays_0_ext.mem_0_1.CSB1,0.0,0.0,0.0,0.0,0.0,0.0,0.0,0.0,0.0,0.0,0.0,0.0,-14.305065331855058
_T_181*tile.dcache.tlb.pmp._T_1089,0.0,0.0,0.0,0.0,0.0,23.10540516509584,0.0,0.0,0.0,0.0,0.0,0.0,0.0
_T_181*tile.hwacha.io_cmd_bits_inst_rd,36.11399668489177,0.0,0.0,0.0,0.0,0.0,0.0,3.231784277203517,1.2679567582999616,0.0,0.0,0.0,0.0
_T_181*tile.hwacha.vus.vxuInst.seqInst.io_debug_second_sched_1,12.072390070737438,0.0,0.0,0.0,0.0,0.0,0.0,0.20907834006023052,0.0,6.602266610802166,0.0,0.0,0.0
_T_181*tile.hwacha.vus.vxuInst.seqInst._T_6035,0.0,0.0,0.0,0.0,0.0,0.0,0.0,0.0,0.0,0.0,2.8314532816432063,0.0,0.0
_T_181*tile.hwacha.vus.vxuInst.seqInst._T_6102,13.984719796457318,0.0,0.0,0.0,0.0,0.0,0.0,0.5284872197987196,0.0,0.50383920624853,6.646421209214056,4.476693223425691,0.0
_T_181*tile.hwacha.vus.vxuInst.seqInst._T_6418,20.06412853197624,0.0,0.0,0.0,0.04774439262025619,0.0,0.0,0.04480312027755372,0.0,1.2516175883291762,9.305241305629904,2.4604426874823004,0.0
_T_181*tile.hwacha.vus.vxuInst.seqInst._T_7171,4.281737407944778,0.0,0.0,1.575920451227209,0.0,0.0,0.0,0.0,0.0,0.0,3.496315469971762,0.0,0.0
_T_181*tile.hwacha.vus.vxuInst.seqInst._T_7748,1.6875417253329805,0.0,0.0,0.0,0.008568331681292835,0.0,0.0,0.0,0.0,0.0,6.220760189917562,2.6221503556970784,0.0
_T_181*tile.hwacha.vus.vxuInst.seqInst._T_13004,13.128271322467523,0.0,0.0,0.451780177132012,0.0,0.0,0.0,0.17813171118205456,0.0,0.16773643747255387,9.045649697506454,0.44891622119786934,0.0
_T_181*tile.hwacha.vus.vxuInst.seqInst._T_13017,11.803144500385761,0.0,0.0,0.364457247998164,0.0,0.0,0.0,0.506104517458224,0.0,1.429555445904974,7.291796250741473,2.4457819666735627,0.0
_T_181*tile.hwacha.vus.vxuInst.seqInst._T_15049,109.97115451074005,0.0,0.0,7.903692354966347,0.007865961984774033,0.0,0.0,2.6693370080313144,0.0,21.476393005506843,15.431733530786454,0.0,5.671479227841689
_T_181*tile.hwacha.vus.vxuInst.seqInst._T_16830,39.250992660960165,0.0,0.0,7.1011968405216805,0.0012796831915449383,0.0,0.0,1.0142871925176677,0.0,5.71855831565067,14.739214544586746,7.933118505304562,3.701256029401181
_T_181*tile.hwacha.vus.vxuInst.seqInst._T_17024,8.646821994690777,0.0,0.0,0.0,0.0,0.0,0.0,0.0,0.0,1.2699747106630255,12.343328303925334,0.0,5.308022726057225
_T_181*tile.hwacha.vus.vxuInst.seqInst._T_17267,19.37068617187111,0.0,0.0,0.0,0.0,0.0,0.0,0.0,0.0,1.364056036071391,24.010989703671445,0.0,0.0
_T_181*tile.hwacha.vus.vxuInst.seqInst._T_18004,8.731181620330219,0.0,0.0,0.14748877233237706,0.0,0.0,0.0,0.0,0.0,4.83866119301221,20.249956756410203,0.8748000114329804,4.660476776184045
_T_181*tile.hwacha.vus.vxuInst.seqInst._T_18300,0.0,0.0,0.0,1.375440957465645,0.0,0.0,0.0,0.0,0.0,2.631558680129065,6.49604825886243,0.10120042057779821,0.0
_T_181*tile.hwacha.vus.vxuInst.seqInst._T_18489,0.0,0.0,0.0,0.0,0.0,0.0,0.0,0.0,0.0,2.1020705169536176,0.0,0.0,0.0
_T_181*tile.hwacha.vus.vxuInst.laneInst.bankInst.aluInst.io_req_bits_eidx,0.0,0.0,0.0,0.0,0.0,0.0,0.0,6.213779450914465,0.0,70.40390597583591,0.0,0.0,0.0
_T_181*tile.hwacha.vus.vxuInst.laneInst.vfmuInst._T_1246,0.0,0.0,0.0,1.8529577996318998,0.0,0.0,0.0,0.0,0.0,10.1553144463503,9.917063525659353,0.0,0.0
_T_181*tile.hwacha.vus.vxuInst.laneInst.vfmuInst.fmaInst_1.mulAddRecFNToRaw_postMul._T_202,0.0,0.0,0.0,0.0,0.0,0.0,0.0,0.0,0.0,0.6871808822858627,0.0,0.0,0.0
_T_181*tile.hwacha.vus.vxuInst.laneInst.vfmuInst_1._T_780,218.84116675263184,0.0,0.0,0.0,0.0,0.0,0.0,7.516996620241489,0.0,25.223830612679322,5.557297970726728,290.93259133854997,61.85214864125151
_T_181*tile.hwacha.vus.vxuInst.laneInst.vfmuInst_2._T_640,139.65307610339858,0.0,0.0,0.0,0.0,0.0,0.0,0.0,0.0,0.0,0.0,0.0,0.0
_T_181*tile.hwacha.vus.vxuInst.laneInst.vfmuInst_2.fmaInst_1.io_a,0.0,0.0,0.0,19.785089254030982,0.0,0.0,0.0,0.0,0.0,21.749594908549852,0.0,1.0696417573019137,0.0
_T_181*tile.hwacha.vus.vxuInst.laneInst.vfmuInst_3.fmaInst_1.roundRawFNToRecFN.roundAnyRawFNToRecFN._T_94,0.0,0.0,0.0,0.0,0.0,0.0,0.0,0.0,0.0,6.3125251222989185,0.0,77.10013344524765,0.0
_T_181*tile.hwacha.vus.vxuInst.laneInst.vfvuInst.fn_fp,441.14335945687407,0.903614301954178,0.0,9.742455681047316,0.0,10.590324862577056,0.0,60.46976853037507,0.0,35.38205245478568,21.87199350000431,0.0,40.550810678225915
_T_181*tile.hwacha.vus.vxuInst.dccInst.vduInst.ctrlInst.io_lpq_ready,0.0,0.42823229439972227,0.0,0.0,0.0,0.0,0.0,2.434224068254771,0.0,33.59855839749144,15.255148970335501,0.0,0.0
_T_181*tile.hwacha.vus.vxuInst.dccInst.vduInst.idivInst.divInst._T_357,0.0,2.636815529487526,0.0,0.0,0.06018529135970318,0.0,0.0,29.72665955550934,0.0,75.86130020617308,32.19869990294686,0.0,0.0
_T_181*tile.hwacha.vus.vxuInst.dccInst.vduInst.fdivInst.divInst.ds.divSqrtRecF64ToRaw._T_518,13.031101598687863,0.0,0.0,0.0,0.0,0.0,0.0,5.479750251431151,0.0,97.24615110934226,0.0,0.0,0.0
_T_181*tile.hwacha.vus.vxuInst.dccInst.vduInst.fdivInst.outtagqInst._T_43,0.0,0.0,0.0,0.0,0.0,0.0,0.0,0.0,0.0,32.163564922853034,0.0,0.0,0.0
_T_181*tile.hwacha.vus.vxuInst.dccInst.vguInst.lrqInst._T_55,0.0,0.0,0.0,0.0,0.0,0.0,0.0,0.0,0.0,1.6263284012783317,7.820473899779497,0.0,0.0
_T_181*tile.hwacha.vus.vxuInst.dccInst.vpuInst.bpqInst_2._T_41,0.0,0.0,0.0,89.56911493404931,0.0,0.0,0.0,15.529834484782484,0.0,58.29311103657669,57.66132047536124,27.881597388664684,45.13163270803281
_T_181*tile.frontend.icache.data_arrays_0.RW0_en,0.0,0.0,0.0,0.0,0.0,0.0,0.0,0.0,10.29135342482394,0.0,0.0,0.0,-2.2270292568385663
_T_181*tile.frontend.icache.data_arrays_1.RW0_en,0.0,0.0,0.0,0.0,0.0,0.0,0.08142706836949082,0.0,11.470031301749726,0.0,0.0,0.0,-2.654021504412305
_T_181*tile.frontend.BTB._T_1247,0.0,3.464958754547399,0.0,0.0,0.0,0.0,0.8559735169884222,0.0,1.0827519197395699,0.0,0.0,0.0,0.0
_T_181*tile.fpuOpt.sfma.io_in_bits_fmaCmd,0.0,0.0,0.0,0.0,0.0,6.859213569277751,0.0,0.0,0.0,0.0,0.0,0.0,0.0
_T_181*tile.core.ex_reg_inst_25_,0.0,1.2215737582113537,0.0,0.0,0.0,0.0,0.0,0.0,0.0,0.0,0.0,0.0,0.0
_T_181*tile.core.mem_reg_inst_7_,0.0,2.003071894767378,0.0,0.0,0.0,0.0,0.0,0.0,1.670292985407543,0.0,0.0,0.0,0.0
_T_181*tile.core._T_374,0.0,0.0,0.0,0.0,0.0,0.0,0.0,0.0,1.3461277089684085,0.0,0.0,0.0,0.0
_T_181*tile.core._T_598,0.0,0.4613112198438173,0.0,0.0,0.0,0.0,0.0,0.0,0.9992716487634067,0.0,0.0,0.0,0.0
_T_181*tile.core._T_1305,0.0,1.2848669946684217,0.0,0.0,0.0,0.0,0.530348547154237,0.0,0.6365514926653998,0.0,0.0,0.0,0.0
_T_181*tile.core._T_1768,0.0,1.9458547495928926,0.0,0.0,0.0,0.0,0.0,0.0,0.0,0.0,0.0,0.0,0.0
_T_181*tile.core._T_1873,0.0,17.21350621001122,0.0,0.0,0.0,0.0,0.0,0.0,0.0,0.0,0.0,0.0,0.0
_T_181*tile.core.ibuf._T_95,0.0,1.4255942289750698,0.0,0.0,0.0,0.0,3.4575727749479763,0.0,21.834330538994674,0.0,0.0,0.0,0.0
_T_181*tile.core.ibuf._T_79,0.0,5.732797901377445,0.0,0.0,0.0,0.0,3.346247897745699,0.0,11.102031107819052,0.0,0.0,0.0,-1.1147941256269838
_T_181*tile.core.alu._T_138,0.0,4.658918570665226,0.0,0.0,0.0,0.0,0.0,0.0,6.9821417300705715,0.0,0.0,0.0,-0.4884080512015818
_T_181*tile.core.div._T_45,0.0,1.5152077935011412,0.0,0.0,0.0,0.0,0.0,0.0,0.2373463924375766,0.0,0.0,0.0,0.0
_T_181*tile.core.csr._T_3741,0.0,0.9462356446168022,0.0,0.0,0.0,0.0,0.0,0.0,0.0,0.0,0.0,0.0,0.0
_T_181*tile.core.csr._T_3743,0.0,0.22382115855515403,0.0,0.0,0.0,0.0,0.0,0.0,0.0,0.0,0.0,0.0,0.0
_T_181*tile.core.csr._T_3744,0.0,0.381409696182381,0.0,0.0,0.0,0.0,0.0,0.0,0.0,0.0,0.0,0.0,0.0
_T_181*tile.core.csr._T_3746,0.0,0.40064599138106133,0.0,0.0,0.0,0.0,0.0,0.0,0.0,0.0,0.0,0.0,0.0
_T_181*tile.core.csr._T_3747,0.0,0.2964586431272637,0.0,0.0,0.0,0.0,0.0,0.0,0.0,0.0,0.0,0.0,0.0
_T_181*tile.core.csr._T_3767,0.0,0.4086527157514841,0.0,0.0,0.0,0.0,0.0,0.0,0.0,0.0,0.0,0.0,0.0
_T_181*tile.core.csr._T_3832,0.0,0.17742075175651867,0.0,0.0,0.0,0.0,0.0,0.0,0.0,0.0,0.0,0.0,0.0
_T_181*tile.core.csr._T_4128,0.0,0.3134442513030821,0.0,0.0,0.0,0.0,0.0,0.0,0.0,0.0,0.0,0.0,0.0
sbus.system_bus_xbar._T_2625*tile.dcache._T_4273,0.0,0.0,298.98260508622246,0.0,0.0,0.0,0.0,0.0,0.0,0.0,0.0,0.0,0.0
sbus.system_bus_xbar._T_2625*tile.dcache.data._T_227,95.65774112325272,0.0,0.0,0.0,0.0,0.0,0.0,0.0,0.0,0.0,0.0,0.0,43.749912834075154
sbus.system_bus_xbar._T_2625*tile.dcache.data.data_arrays_1.RW0_rdata_9,0.0,0.0,0.0,0.0,0.0,0.0,0.0,0.0,0.0,0.0,0.0,0.0,307.20761503333324
sbus.system_bus_xbar._T_2625*tile.dcache.tlb._T_354,0.0,0.0,0.0,0.0,0.0,0.0,0.0,0.0,0.0,0.0,0.0,0.0,16.808652631538116
sbus.system_bus_xbar._T_2625*tile.hwacha.io_cmd_bits_inst_rd,0.0,0.0,0.0,0.0,0.0,0.0,0.0,355.9489785251956,0.0,0.0,31.890354388625084,0.0,0.0
sbus.system_bus_xbar._T_2625*tile.hwacha.vus.vxuInst.seqInst._T_6102,0.0,0.0,0.0,0.0,0.0,0.0,0.0,10.488844276779226,0.0,0.0,0.0,0.0,0.0
sbus.system_bus_xbar._T_2625*tile.hwacha.vus.vxuInst.seqInst._T_6418,0.0,0.0,0.0,0.0,0.0,0.0,0.0,0.0,0.0,30.948664315372998,0.0,0.0,0.0
sbus.system_bus_xbar._T_2625*tile.hwacha.vus.vxuInst.seqInst._T_7521,0.0,0.0,45.79569930668897,0.0,0.0,0.0,0.0,0.0,0.0,0.0,0.0,0.0,0.0
sbus.system_bus_xbar._T_2625*tile.hwacha.vus.vxuInst.seqInst._T_7748,0.0,0.0,0.0,0.0,0.0,0.0,0.0,0.0,0.0,0.0,21.865273319188596,0.0,0.0
sbus.system_bus_xbar._T_2625*tile.hwacha.vus.vxuInst.seqInst._T_16830,777.8066816568645,0.0,0.0,0.0,0.0,0.0,0.0,44.42449354425198,60.385581261569605,0.0,39.905884177848556,0.0,0.0
sbus.system_bus_xbar._T_2625*tile.hwacha.vus.vxuInst.seqInst._T_17024,44.96631213070652,0.0,5.646022517489334,0.0,0.0,11.515500040726902,0.0,0.0,0.0,0.0,0.0,0.0,0.0
sbus.system_bus_xbar._T_2625*tile.hwacha.vus.vxuInst.seqInst._T_18004,0.0,0.0,0.0,0.0,0.0,0.0,0.0,0.0,1.009117878665642,0.0,0.0,0.0,0.0
sbus.system_bus_xbar._T_2625*tile.hwacha.vus.vxuInst.seqInst._T_18300,595.1782504975541,0.0,0.0,0.0,1.9623878725053263,4.909125652391902,0.0,0.0,180.70955048899023,0.0,0.0,0.0,0.0
sbus.system_bus_xbar._T_2625*tile.hwacha.vus.vxuInst.seqInst._T_18489,0.0,0.0,0.0,0.0,0.0,0.0,0.0,73.22836129505562,189.80725697730023,0.0,50.49428715643501,0.0,0.0
sbus.system_bus_xbar._T_2625*tile.hwacha.vus.vxuInst.laneInst.bankInst.aluInst.io_req_bits_eidx,0.0,0.0,0.0,0.0,0.0,0.0,0.0,3.1405242287821715,0.0,0.0,0.0,0.0,0.0
sbus.system_bus_xbar._T_2625*tile.hwacha.vus.vxuInst.laneInst.vfmuInst_1._T_780,0.0,0.0,0.0,0.0,0.0,0.0,0.0,99.25265708650616,0.0,0.0,0.0,0.0,0.0
sbus.system_bus_xbar._T_2625*tile.hwacha.vus.vxuInst.laneInst.vfmuInst_2._T_640,0.0,0.0,0.0,0.0,0.0,72.38494233515887,0.0,0.0,0.0,0.0,209.86539811855747,767.1645512466226,0.0
sbus.system_bus_xbar._T_2625*tile.frontend.fq.io_enq_bits_btb_entry,22.62928708121688,0.0,0.0,0.0,0.0,0.0,0.0,0.0,0.0,0.0,0.0,0.0,0.0
sbus.system_bus_xbar._T_2625*tile.frontend.BTB._T_403,147.21406966776047,0.0,0.0,14.973080453684032,0.0,0.0,0.0,34.711330406951625,15.936439569677017,50.84476163801436,36.670506261699146,0.0,0.0
sbus.system_bus_xbar._T_2625*tile.frontend.BTB._T_442,52.329438964385396,0.0,0.0,0.0,0.0,0.0,0.0,21.501578821934398,0.0,28.842007245255182,11.602572437957134,0.0,0.0
sbus.system_bus_xbar._T_2625*tile.frontend.BTB._T_459,0.0,0.0,0.0,0.0,0.0,0.0,0.0,10.582393510156939,0.0,19.342272331107505,5.197493070368908,0.0,0.0
sbus.system_bus_xbar._T_2625*tile.frontend.BTB._T_516,0.0,0.0,0.0,0.0,0.0,0.0,0.0,4.211007945745014,0.0,9.549840609893684,0.0,0.0,0.0
sbus.system_bus_xbar._T_2625*tile.frontend.BTB._T_778,0.0,0.0,0.0,0.0,0.0,0.0,0.0,15.485781947397628,0.0,18.315533502134677,3.351241726150943,0.0,0.0
sbus.system_bus_xbar._T_2625*tile.frontend.BTB._T_828,0.0,0.0,0.0,0.0,0.0,0.0,0.0,0.0,16.3681041802783,0.0,0.0,0.0,0.0
sbus.system_bus_xbar._T_2625*tile.frontend.BTB._T_1247,0.0,0.0,0.0,0.0,0.0,0.0,0.0,0.0,0.0,0.0,0.0,0.0,22.99530979094733
sbus.system_bus_xbar._T_2625*tile.core.ibuf._T_95,64.03517747348867,0.0,19.785276617070053,0.0,0.0,0.0,0.0,0.0,0.0,0.0,0.0,0.0,0.0
sbus.system_bus_xbar._T_2625*tile.core.alu._T_138,0.0,0.0,0.0,0.0,0.0,0.0,0.0,0.0,0.0,0.0,0.0,0.0,24.48711033793278
sbus.system_bus_xbar._T_2625*tile.core.csr._T_3741,0.0,0.0,0.0,0.0,1.0337382553958994,0.0,0.0,0.0,0.0,5.853563080545854,7.776115374056381,0.0,35.325324907358294
sbus.system_bus_xbar._T_2625*tile.core.csr._T_3767,50.22389853254516,0.0,0.0,0.0,0.0,0.0,0.0,0.0,0.0,0.0,0.0,0.0,10.705537648844938
sbus.system_bus_xbar._T_2625*tile.core.csr._T_3956,0.0,0.0,0.0,0.0,0.0,0.0,0.0,0.0,0.0,1.847815863943366,0.0,0.0,0.0
pbus.in_xbar.auto_in_d_valid*tile.dcache.data._T_227,0.0,0.0,0.0,0.0,0.0,0.0,5.20482862619803,0.0,0.0,0.0,0.0,0.0,-12.875850945755085
pbus.in_xbar.auto_in_d_valid*tile.dcache.tlb._T_354,0.0,0.0,0.0,0.0,0.0,0.0,0.0,0.0,0.0,0.0,0.0,0.0,-118.00779434589519
pbus.in_xbar.auto_in_d_valid*tile.frontend.icache.data_arrays_0.RW0_en,0.0,0.0,0.0,0.0,0.0,0.0,1.405884402358435,0.0,0.0,0.0,0.0,0.0,-9.144956782989775
pbus.in_xbar.auto_in_d_valid*tile.frontend.icache.data_arrays_1.RW0_en,0.0,0.0,0.0,0.0,0.0,0.0,3.0981103797818137,0.0,0.0,0.0,0.0,0.0,-14.914249672412149
pbus.in_xbar.auto_in_d_valid*tile.core.ex_reg_inst_25_,0.0,0.0,0.0,0.0,0.0,0.0,2.235100248226444,0.0,0.0,0.0,0.0,0.0,-22.13828874254336
pbus.in_xbar.auto_in_d_valid*tile.core._T_374,0.0,0.0,0.0,0.0,0.0,0.0,0.0,0.0,0.0,0.0,0.0,0.0,-18.90104908147632
pbus.in_xbar.auto_in_d_valid*tile.core._T_598,0.0,0.0,0.0,0.0,0.0,0.0,3.8243417248937184,0.0,0.0,0.0,0.0,0.0,-19.05118154826382
pbus.in_xbar.auto_in_d_valid*tile.core._T_1623,0.0,0.0,0.0,0.0,0.0,0.0,6.3788264593738555,0.0,0.0,0.0,0.0,0.0,-20.331071156022922
pbus.in_xbar.auto_in_d_valid*tile.core._T_1305,0.0,0.0,0.0,0.0,0.0,0.0,2.1746806186349317,0.0,0.0,0.0,0.0,0.0,-10.810573074543248
pbus.in_xbar.auto_in_d_valid*tile.core._T_1768,0.0,0.0,0.0,0.0,0.0,0.0,0.0,0.0,0.0,0.0,0.0,0.0,-1.7715456536488845
pbus.in_xbar.auto_in_d_valid*tile.core.ibuf._T_79,0.0,0.0,0.0,0.0,0.0,0.0,0.0,0.0,0.0,0.0,0.0,0.0,-16.768743146720997
pbus.in_xbar.auto_in_d_valid*tile.core.div._T_45,0.0,0.0,0.0,0.0,0.0,0.0,0.0,0.0,0.0,0.0,0.0,0.0,-7.51165404124707
pbus.in_xbar.auto_in_d_valid*tile.core.csr._T_3767,0.0,0.0,0.0,0.0,0.0,0.0,9.49913436142772,0.0,0.0,0.0,0.0,0.0,-3.898270032546857
bh.auto_out_d_bits_size*tile.dcache._T_686,0.0,0.0,67.61129459498547,0.0,0.0,0.0,0.0,0.0,0.0,0.0,0.0,0.0,0.0
bh.auto_out_d_bits_size*tile.dcache._T_688,52.12170555119028,0.0,43.392490497811686,0.0,0.0,0.0,0.0,0.0,0.0,0.0,0.0,0.0,0.0
bh.auto_out_d_bits_size*tile.dcache.data._T_227,398.6161118027915,0.0,0.0,0.0,0.0,0.0,0.0,0.0,18.33710142237661,0.0,0.0,0.0,0.0
bh.auto_out_d_bits_size*tile.dcache.data.data_arrays_1.RW0_rdata_9,6048.296380486028,74.43826273520995,773.4694478534565,0.0,125.03689027202618,0.0,184.22137019421214,518.030140799423,194.87538359885485,382.61533682275365,252.19436653853677,27.561349922054138,18.42604107671867
bh.auto_out_d_bits_size*tile.dcache.tlb._T_354,2596.4552239854693,17.574938643884835,1251.4354947748127,0.0,0.0,0.0,161.08166941623807,0.0,0.0,0.0,0.0,0.0,752.2277667674115
bh.auto_out_d_bits_size*tile.hwacha.vus.vxuInst.seqInst._T_15049,0.0,0.0,11.409355534878113,0.0,0.0,0.0,0.0,0.0,0.0,0.0,0.0,0.0,0.0
bh.auto_out_d_bits_size*tile.hwacha.vus.vxuInst.seqInst._T_18004,0.0,0.0,0.0,0.0,0.0,11.434734917679405,0.0,0.0,0.0,0.0,0.0,0.0,0.0
bh.auto_out_d_bits_size*tile.hwacha.vus.vxuInst.laneInst.bankInst.rfInst._T_385,0.0,0.0,0.0,0.0,0.0,0.0,0.0,0.0,0.0,0.0,0.0,0.0,-101.1006656580638
bh.auto_out_d_bits_size*tile.hwacha.vus.vxuInst.laneInst.vfmuInst._T_1246,0.0,0.0,0.0,0.0,0.0,40.16998532077622,0.0,0.0,0.0,0.0,0.0,0.0,0.0
bh.auto_out_d_bits_size*tile.hwacha.vus.vxuInst.laneInst.vfmuInst_2.fmaInst_1.io_a,1399.421917005239,0.0,0.0,0.0,0.0,0.0,0.0,0.0,0.0,0.0,0.0,0.0,0.0
bh.auto_out_d_bits_size*tile.hwacha.vus.vxuInst.laneInst.vfmuInst_3.fmaInst_1.roundRawFNToRecFN.roundAnyRawFNToRecFN._T_94,0.0,0.0,0.0,0.0,0.0,0.0,0.0,0.0,0.0,0.0,165.5852951299414,0.0,0.0
bh.auto_out_d_bits_size*tile.hwacha.vus.vxuInst.dccInst.vduInst.idivInst.divInst._T_357,0.0,43.534697137863674,0.0,0.0,0.0,0.0,0.0,250.7826803318696,0.0,1217.4544024913346,0.0,0.0,0.0
bh.auto_out_d_bits_size*tile.hwacha.vus.vxuInst.dccInst.vduInst.fdivInst.divInst.ds.divSqrtRecF64ToRaw._T_518,440.5229868483709,0.0,0.0,0.0,0.0,0.0,0.0,0.0,0.0,916.8921691115235,0.0,0.0,0.0
bh.auto_out_d_bits_size*tile.hwacha.vus.vxuInst.dccInst.vpuInst.bpqInst_2._T_41,872.4646688452611,1.1032772698228281,0.0,0.0,0.0,143.59328679138594,0.0,0.0,0.0,0.0,50.02860690466225,0.0,0.0
bh.auto_out_d_bits_size*tile.frontend.icache.s2_tag_hit_3,0.0,23.9170909346129,0.0,0.0,0.0,0.0,48.774583485669936,7.4747827499580275,0.0,0.0,0.0,0.0,0.0
bh.auto_out_d_bits_size*tile.frontend.icache.s2_tag_hit_4,0.0,0.0,0.0,0.0,0.0,0.0,23.37057599038558,0.0,0.0,0.0,0.0,0.0,0.0
bh.auto_out_d_bits_size*tile.frontend.icache.s2_tag_hit_5,0.0,20.579024629735404,96.7345646394633,0.0,0.0,0.0,54.241103249224366,54.170332593799365,62.532198419784955,0.0,0.0,0.0,0.0
bh.auto_out_d_bits_size*tile.frontend.fq.io_enq_bits_btb_entry,0.0,0.0,0.0,0.0,0.0,0.0,27.304292069361424,0.0,0.0,0.0,0.0,0.0,0.0
bh.auto_out_d_bits_size*tile.frontend.BTB.io_resp_bits_bht_value,0.0,0.0,0.0,0.0,0.0,0.0,12.234660805715778,0.0,0.0,0.0,0.0,0.0,0.0
bh.auto_out_d_bits_size*tile.frontend.BTB._T_825,0.0,0.0,0.0,0.0,0.0,0.0,2.4010856461594123,1.7693699758710986,0.0,15.631587769034013,0.0,0.0,0.0
bh.auto_out_d_bits_size*tile.frontend.BTB._T_1079,0.0,0.0,0.0,0.0,0.0,0.0,22.45001729003117,0.0,0.0,7.122304409386105,0.0,0.0,0.0
bh.auto_out_d_bits_size*tile.fpuOpt.sfma.io_in_bits_fmaCmd,0.0,7.3849851490220155,0.0,0.0,0.0,0.0,0.0,0.0,0.0,0.0,0.0,0.0,0.0
bh.auto_out_d_bits_size*tile.core.mem_reg_inst_17_,47.44753499117602,0.0,0.0,0.0,0.0,0.0,0.0,0.0,30.654960892443746,0.0,0.0,0.0,0.0
bh.auto_out_d_bits_size*tile.core._T_598,0.0,0.0,0.0,0.0,0.0,0.0,0.0,0.0,6.298208708075564,0.0,0.0,0.0,0.0
bh.auto_out_d_bits_size*tile.core._T_1305,0.0,0.0,0.0,0.0,0.0,0.0,0.0,0.0,17.291994493496887,0.0,0.0,0.0,0.0
bh.auto_out_d_bits_size*tile.core._T_1873,0.0,0.0,0.0,0.0,0.0,265.2255553671222,0.0,0.0,0.0,0.0,0.0,0.0,0.0
bh.auto_out_d_bits_size*tile.core._T_1897,0.0,26.878013257458527,0.0,0.0,4.093809313934226,0.0,0.0,0.0,0.0,0.0,0.0,129.82361863461398,0.0
bh.auto_out_d_bits_size*tile.core.ibuf._T_79,0.0,0.0,0.0,0.0,0.0,0.0,0.0,0.0,20.92388282798376,0.0,0.0,0.0,0.0
bh.auto_out_d_bits_size*tile.core.alu._T_138,538.5982668106965,48.70186346283402,0.0,0.0,0.0,0.0,30.957722152416167,0.0,0.0,0.0,0.0,0.0,0.0
bh.auto_out_d_bits_size*tile.core.div._T_45,160.05672045529263,0.0,0.0,0.0,0.0,0.0,3.4348605393552143,34.90512988942696,0.0,0.0,0.0,0.0,0.0
bh.auto_out_d_bits_size*tile.core.csr._T_3741,532.4298407922645,0.0,0.0,0.0,0.0,0.0,0.0,0.0,4.171027066793266,14.522546769386834,4.7480014570631,0.0,0.0
bh.auto_out_d_bits_size*tile.core.csr._T_3743,0.0,0.0,0.0,0.0,0.0,0.0,0.0,0.0,1.2656306212697617,0.0,0.0,0.0,0.0
bh.auto_out_d_bits_size*tile.core.csr._T_3767,49.58124708921696,0.0,0.0,0.0,0.0,0.0,0.0,0.0,0.0,0.0,0.0,0.0,0.0
bh.auto_out_d_bits_size*tile.core.csr._T_3956,46.122048986294836,0.0,0.0,0.0,0.0,0.0,0.0,0.0,0.0,0.0,0.0,0.0,0.0
tile.dcache.auto_out_b_valid*tile.frontend.icache.data_arrays_1.RW0_en,0.0,0.0,0.0,0.0,0.0,0.0,0.0,0.0,6.971137334072952,0.0,0.0,0.0,0.0
tile.dcache._T_686*tile.dcache._T_781,0.0,0.0,136.1074081656033,0.0,0.0,0.0,0.0,0.0,0.0,0.0,0.0,0.0,66.51493198949798
tile.dcache._T_686*tile.dcache.data._T_227,0.0,0.0,0.0,0.0,0.0,6.1440767159367065,0.0,0.0,0.0,0.0,0.0,0.0,0.0
tile.dcache._T_686*tile.hwacha.vus.vxuInst.laneInst.bankInst.aluInst.io_req_bits_eidx,0.0,0.0,0.0,0.0,0.0,0.0,0.0,0.0,0.0,1032.3276488449026,0.0,0.0,0.0
tile.dcache._T_686*tile.hwacha.vus.vxuInst.dccInst.vduInst.ctrlInst.io_lpq_ready,1366.0453590449408,0.0,0.0,0.0,0.0,0.0,0.0,0.0,0.0,0.0,0.0,0.0,0.0
tile.dcache._T_686*tile.hwacha.vus.vxuInst.dccInst.vduInst.fdivInst.divInst.ds.divSqrtRecF64ToRaw._T_518,0.0,0.0,0.0,0.0,0.0,0.0,0.0,0.0,0.0,1018.671685225624,0.0,0.0,0.0
tile.dcache._T_686*tile.hwacha.vus.vxuInst.dccInst.vpuInst.bpqInst_2._T_41,1718.6641034806794,0.0,0.0,0.0,0.0,0.0,0.0,371.2505741993622,0.0,0.0,280.25452693892913,0.0,982.7787695898694
tile.dcache._T_686*tile.frontend.icache.s2_tag_hit_5,0.0,0.0,0.0,0.0,0.0,8.507082881832869,0.0,0.0,0.0,0.0,0.0,0.0,0.0
tile.dcache._T_686*tile.frontend.icache.data_arrays_0.RW0_en,11.059540399106275,0.0,8.016666383846765,0.0,0.0,0.0,0.0,0.0,0.0,0.0,0.0,0.0,0.0
tile.dcache._T_686*tile.frontend.icache.data_arrays_1.RW0_en,62.30020136250301,0.0,14.673336863908016,0.0,0.0,2.8403710966855353,0.0,0.0,0.0,0.0,0.0,0.0,0.0
tile.dcache._T_686*tile.frontend.BTB._T_403,0.0,0.0,0.0,0.0,0.0,0.0,30.27848303201291,0.0,0.0,0.0,0.0,0.0,0.0
tile.dcache._T_686*tile.frontend.BTB._T_442,0.0,0.0,0.0,0.0,0.0,0.0,3.099407124911224,0.0,0.0,0.0,0.0,0.0,0.0
tile.dcache._T_686*tile.frontend.BTB._T_459,0.0,2.8742021616177125,0.0,0.0,0.0,0.0,0.0,0.0,0.0,0.0,0.0,0.0,0.0
tile.dcache._T_686*tile.frontend.BTB._T_1079,0.0,0.0,0.0,0.0,0.0,0.0,0.0,17.613112260742557,0.0,0.0,0.0,0.0,0.0
tile.dcache._T_686*tile.frontend.BTB._T_1137,0.0,0.0,0.0,0.0,0.0,8.479230040047641,0.0,0.0,0.0,0.0,0.0,0.0,0.0
tile.dcache._T_686*tile.frontend.BTB._T_1247,0.0,5.119952091606994,0.0,0.0,0.0,0.0,12.459039378343817,0.0,0.0,0.0,0.0,0.0,0.0
tile.dcache._T_686*tile.fpuOpt.sfma.io_in_bits_fmaCmd,0.0,13.170249334462284,78.91842621873747,0.0,0.0,173.54889158784113,23.26115976973991,0.0,0.0,0.0,0.0,0.0,0.0
tile.dcache._T_686*tile.core.ex_reg_inst_25_,0.0,0.98391963549029,0.0,0.0,0.0,0.0,0.0,0.0,0.0,0.0,0.0,0.0,0.0
tile.dcache._T_686*tile.core.mem_reg_inst_7_,0.0,0.0,0.0,0.0,0.0,0.2674829639954508,0.0,0.0,0.0,0.0,0.0,0.0,0.0
tile.dcache._T_686*tile.core.ibuf._T_95,0.0,0.0,0.0,0.0,0.0,0.0,0.0,0.0,0.0,0.0,0.0,7.207470148507709,0.0
tile.dcache._T_686*tile.core.alu._T_138,0.0,7.313312702750609,0.0,0.0,0.0,0.0,0.0,0.0,0.0,0.0,0.0,0.0,0.0
tile.dcache._T_686*tile.core.div._T_45,0.0,2.7051901890916557,0.0,0.0,0.0,0.0,0.0,0.0,0.0,0.0,0.0,0.0,0.0
tile.dcache._T_686*tile.core.csr._T_3743,0.0,0.0,0.0,0.0,0.0,0.0,0.22937093756404373,0.0,0.0,0.0,0.0,0.0,0.0
tile.dcache._T_686*tile.core.csr._T_3744,0.0,1.4490093235367834,5.676282771479693,0.0,0.0,3.578853613016868,0.0,0.0,0.0,0.0,0.0,0.0,0.0
tile.dcache._T_686*tile.core.csr._T_3748,29.192321305484942,0.0,13.812624995201942,0.0,3.69523320849862,0.0,0.0,0.0,0.0,0.0,0.0,6.7600824078300885,0.0
tile.dcache._T_686*tile.core.csr._T_3832,1.205914352385243,0.0,0.0,0.0,0.0,0.0,0.0,0.0,0.0,0.0,0.0,0.0,0.0
tile.dcache._T_686*tile.core.csr._T_3955,0.0,0.0,0.0,0.0,0.0,0.0,0.0,0.0,0.0,0.0,0.0,2.2303042885584414,0.0
tile.dcache._T_686*tile.core.csr._T_3956,0.0,0.0,11.375439420188853,0.0,0.0,0.0,0.0,0.0,0.0,0.0,0.0,0.0,0.0
tile.dcache._T_688*tile.dcache._T_781,0.0,0.0,69.68959606098149,0.0,2.3324821069915607,0.0,0.0,0.0,0.0,0.0,0.0,0.0,0.0
tile.dcache._T_688*tile.dcache.data._T_227,0.0,0.0,0.0,0.0,0.0,1.3276798999169137,0.0,0.0,0.0,0.0,0.0,0.0,0.0
tile.dcache._T_688*tile.hwacha.vus.vxuInst.dccInst.vpuInst.bpqInst_2._T_41,888.4551108263698,0.0,0.0,0.0,0.0,0.0,0.0,256.3812504863402,0.0,64.87513323390672,141.78012040638671,0.0,441.5047058957352
tile.dcache._T_688*tile.frontend.icache.data_arrays_1.RW0_en,3.921548736421084,0.0,1.9343164289296817,0.0,0.0,2.2962032652350834,0.0,0.0,0.0,0.0,0.0,0.0,0.0
tile.dcache._T_688*tile.frontend.BTB._T_442,0.0,0.0,0.0,0.0,0.0,0.0,1.3112659299198546,0.0,0.0,0.0,0.0,0.0,0.0
tile.dcache._T_688*tile.frontend.BTB._T_1079,0.0,0.0,0.0,0.0,6.315963171790701,0.0,0.0,33.653291710883686,0.0,19.96914539059915,20.324941395562593,0.0,0.0
tile.dcache._T_688*tile.frontend.BTB._T_1137,0.0,0.0,0.0,0.0,0.0,4.424685394892701,0.0,0.0,0.0,0.0,0.0,0.0,0.0
tile.dcache._T_688*tile.frontend.BTB._T_1247,0.0,0.0,1.6786680494982458,0.0,0.0,0.0,1.0196247648149825,0.0,0.0,0.0,0.0,0.0,0.0
tile.dcache._T_688*tile.fpuOpt.sfma.io_in_bits_fmaCmd,0.0,13.1378081295519,5.75477038373548,0.0,0.0,75.43302185518576,11.710537833945828,0.0,0.0,0.0,0.0,0.0,0.0
tile.dcache._T_688*tile.core._T_374,0.0,0.52038189740751,0.0,0.0,0.0,0.0,0.6574600993665736,0.0,0.0,0.0,0.0,0.0,0.0
tile.dcache._T_688*tile.core.ibuf._T_95,0.0,0.0,0.0,0.0,0.0,0.0,0.0,0.0,0.0,0.0,0.0,6.772034476041309,0.0
tile.dcache._T_688*tile.core.div._T_45,0.0,2.22760333690077,0.0,0.0,0.0,0.0,0.0,0.0,0.0,0.0,0.0,0.0,0.0
tile.dcache._T_688*tile.core.csr._T_3743,0.0,0.0,0.0,0.0,0.0,0.0,0.4013502005371677,0.0,0.0,0.0,0.0,0.0,0.0
tile.dcache._T_688*tile.core.csr._T_3744,0.0,0.0,6.431072673414603,0.0,0.0,1.6625159369592202,0.0,0.0,0.0,0.0,0.0,0.0,0.0
tile.dcache._T_688*tile.core.csr._T_3748,0.0,0.0,3.5228076626413607,0.0,0.0,0.0,0.0,0.0,0.0,0.0,0.0,0.0,0.0
tile.dcache._T_688*tile.core.csr._T_3832,0.0,0.0,0.8166721146133393,0.0,0.0,0.0,0.0,0.0,0.0,0.0,0.0,0.0,0.0
tile.dcache._T_688*tile.core.csr._T_3956,0.0,0.0,5.941654946436594,0.0,0.0,0.0,0.0,0.0,0.0,0.0,0.0,0.0,0.0
tile.dcache._T_688*tile.core.csr._T_4128,0.0,0.0,1.0895058889567015,0.0,0.0,0.0,0.0,0.0,0.0,0.0,0.0,0.0,0.0
tile.dcache._T_781*tile.dcache.data.data_arrays_0.RW0_wmask_1,0.0,0.0,0.0,0.0,0.0,0.0,0.0,0.0,0.0,0.0,0.0,0.0,10.011443172549939
tile.dcache._T_781*tile.dcache.data.data_arrays_1.RW0_rdata_9,0.0,0.0,0.0,0.0,0.0,0.0,0.0,0.0,0.0,0.0,0.0,0.0,24.74540900022804
tile.dcache._T_781*tile.dcache.tlb.pmp._T_1089,0.0,0.0,0.0,0.0,0.0,32.03437781110357,0.0,0.0,0.0,0.0,0.0,0.0,0.0
tile.dcache._T_781*tile.hwacha.vus.vxuInst.seqInst._T_6102,0.0,0.0,0.0,0.0,0.0,0.0,0.0,0.0,0.0,70.28075836843853,0.0,0.0,0.0
tile.dcache._T_781*tile.hwacha.vus.vxuInst.seqInst._T_13017,0.0,0.0,0.0,0.0,0.0,0.0,0.0,0.0,0.0,0.0,0.0,6.455495779042772,0.0
tile.dcache._T_781*tile.hwacha.vus.vxuInst.laneInst.bankInst.aluInst.io_req_bits_eidx,0.0,0.0,0.0,0.0,0.0,0.0,0.0,0.0,0.0,211.77162669204532,0.0,0.0,0.0
tile.dcache._T_781*tile.hwacha.vus.vxuInst.dccInst.vduInst.fdivInst.outtagqInst._T_43,0.0,0.0,0.0,0.0,0.0,0.0,0.0,0.0,0.0,34.19975338663195,0.0,0.0,0.0
tile.dcache._T_781*tile.frontend.icache._T_428,0.0,0.0,0.0,0.0,0.0,0.0,4.248182915568973,0.0,0.0,0.0,0.0,0.0,0.0
tile.dcache._T_781*tile.frontend.icache.s2_tag_hit_3,0.0,9.641732748582369,111.65645914590223,0.0,0.0,0.0,0.0,0.0,0.0,0.0,0.0,0.0,0.0
tile.dcache._T_781*tile.frontend.BTB._T_828,0.0,0.0,0.0,0.0,0.0,0.0,0.0,0.0,114.02597921559382,0.0,0.0,0.0,0.0
tile.dcache._T_781*tile.frontend.BTB._T_1247,0.0,0.0,0.0,0.0,0.21102554467715065,0.0,0.0,0.0,0.0,0.0,0.0,0.0,0.0
tile.dcache._T_781*tile.core.mem_reg_inst_7_,0.0,0.0,10.91084047429055,0.0,0.0,0.0,0.0,0.0,0.0,0.0,0.0,0.0,0.0
tile.dcache._T_781*tile.core.csr._T_3956,0.0,0.0,0.0,0.0,3.421954897928096,0.0,0.0,0.0,0.0,0.0,0.0,0.0,0.0
tile.dcache._T_4273*tile.dcache.tlb._T_354,0.0,9.491068233448525,0.0,0.0,0.0,0.0,8.054938068964912,0.0,0.0,0.0,0.0,0.0,0.0
tile.dcache._T_4273*tile.frontend.icache.s2_tag_hit_3,0.0,0.0,0.0,0.0,0.0,0.0,2.905676183685379,0.0,0.0,0.0,0.0,0.0,0.0
tile.dcache._T_4273*tile.frontend.icache.data_arrays_1.RW0_en,0.0,0.0,34.694716674702676,0.0,0.0,0.0,0.0,0.0,3.5442609705999457,0.0,0.0,0.0,0.0
tile.dcache.data._T_227*tile.hwacha.io_cmd_bits_inst_rd,0.0,0.0,0.0,0.0,0.0,0.0,0.0,0.0,0.0,0.0,0.0,8.8977994893679,0.0
tile.dcache.data._T_227*tile.hwacha.vus.vxuInst.laneInst.vfmuInst_2._T_640,0.0,0.0,0.0,0.0,0.0,0.0,0.0,0.0,0.0,0.0,0.0,0.5488790142947073,0.0
tile.dcache.data._T_227*tile.hwacha.vus.vxuInst.laneInst.vfvuInst.fn_fp,0.0,0.0,0.0,0.0,0.0,14.959838464872886,0.0,0.0,0.0,0.0,0.0,0.0,0.0
tile.dcache.data._T_227*tile.hwacha.vus.vxuInst.dccInst.vpuInst.bpqInst_2._T_41,0.0,0.0,0.0,0.0,0.0,0.0,0.0,0.0,0.0,0.0,0.0,77.09542182766143,0.0
tile.dcache.data._T_227*tile.frontend.icache.s2_tag_hit_3,0.0,0.0,0.0,0.0,0.0,0.0,0.41770783833312986,0.0,0.0,0.0,0.0,0.0,0.0
tile.dcache.data._T_227*tile.frontend.icache.s2_tag_hit_5,0.0,0.0,0.0,0.0,0.0,0.0,1.9283388636972716,0.0,0.0,0.0,0.0,0.0,0.0
tile.dcache.data._T_227*tile.frontend.icache._T_1167,0.0,0.0,0.0,0.0,0.0,0.6523196448866868,0.0,0.0,0.0,0.0,0.0,0.0,0.0
tile.dcache.data._T_227*tile.frontend.icache.data_arrays_1.RW0_en,7.162191569547361,0.0,0.0,0.0,0.0,0.0,0.0,0.0,0.0,0.0,0.0,0.0,0.0
tile.dcache.data._T_227*tile.frontend.BTB._T_828,0.0,0.5671399112598282,0.0,0.0,0.0,0.0,0.6196240948512307,0.0,0.0,0.0,0.0,0.0,0.0
tile.dcache.data._T_227*tile.core._T_1897,0.0,0.0,0.0,0.0,0.0,2.862182831418991,0.0,0.0,0.0,0.0,0.0,0.0,0.0
tile.dcache.data._T_227*tile.core.ibuf._T_95,22.02788811052163,0.0,0.0,0.0,0.0,0.0,0.0,0.0,0.0,0.0,0.0,0.0,0.0
tile.dcache.data._T_227*tile.core.csr._T_3744,0.0,0.0,0.0,0.0,0.0,0.14779174501299222,0.0,0.0,0.0,0.0,0.0,0.0,0.0
tile.dcache.data._T_227*tile.core.csr._T_3748,0.0,0.0,0.0,0.0,0.0,0.3502714842047681,0.0,0.0,0.0,0.0,0.0,0.0,0.0
tile.dcache.data._T_227*tile.core.csr._T_3749,0.0,0.0,0.0,0.0,0.0,0.0,0.0,0.0,0.0,0.0,0.0,0.0,-0.7918144577690795
tile.dcache.data._T_227*tile.core.csr._T_3765,0.0,0.0,0.0,0.0,0.0,0.8612434593942137,0.0,0.0,0.0,0.0,0.0,0.0,0.0
tile.dcache.data.data_arrays_0.RW0_wmode*tile.frontend.BTB._T_403,0.0,6.738702286593273,0.0,0.0,0.0,0.0,0.0,0.0,0.0,0.0,0.0,0.0,0.0
tile.dcache.data.data_arrays_0.RW0_wmask_1*tile.hwacha.io_cmd_bits_inst_rd,0.0,0.0,0.0,0.0,0.0,0.0,1.089313650827746,0.0,117.06552616495249,32.68581181230374,0.0,0.0,53.10797825247356
tile.dcache.data.data_arrays_0.RW0_wmask_1*tile.hwacha.vus.vxuInst.seqInst._T_15049,382.38831560238884,0.0,0.0,0.0,0.0,0.0,0.0,0.0,0.0,0.0,15.63494857866471,0.0,0.0
tile.dcache.data.data_arrays_0.RW0_wmask_1*tile.hwacha.vus.vxuInst.seqInst._T_16830,0.0,0.0,0.0,0.0,0.0,0.0,0.0,0.0,8.225662637553922,12.721255869350925,0.0,0.0,0.0
tile.dcache.data.data_arrays_0.RW0_wmask_1*tile.hwacha.vus.vxuInst.seqInst._T_18004,0.0,0.0,0.0,0.0,7.265238935248379,0.0,0.0,0.0,0.0,0.0,0.0,0.0,0.0
tile.dcache.data.data_arrays_0.RW0_wmask_1*tile.hwacha.vus.vxuInst.seqInst._T_18300,0.0,0.0,0.0,0.0,2.844821271925631,0.0,0.0,0.0,0.0,0.0,0.0,0.0,0.0
tile.dcache.data.data_arrays_0.RW0_wmask_1*tile.hwacha.vus.vxuInst.laneInst.vfmuInst_1._T_780,0.0,0.0,0.0,0.0,0.0,0.0,0.0,0.0,0.0,19.05959541768813,0.0,0.0,0.0
tile.dcache.data.data_arrays_0.RW0_wmask_1*tile.hwacha.vus.vxuInst.laneInst.vfvuInst.fn_fp,0.0,0.0,0.0,0.0,0.0,0.0,0.0,97.06198829932057,0.0,0.0,79.65440500839831,0.0,0.0
tile.dcache.data.data_arrays_0.RW0_wmask_8*tile.dcache.tlb.pmp._T_1089,0.0,9.438844259881666,0.0,0.0,0.0,0.0,0.0,0.0,0.0,0.0,0.0,0.0,0.0
tile.dcache.data.data_arrays_0.RW0_wmask_8*tile.frontend.icache.data_arrays_1.RW0_en,0.0,0.0,4.4241991936363005,0.0,0.0,0.0,0.0,0.0,0.0,0.0,0.0,0.0,0.0
tile.dcache.data.data_arrays_0.RW0_wmask_8*tile.frontend.BTB._T_442,0.0,0.0,0.0,0.0,0.0,0.0,1.1366130189687333,0.0,0.0,0.0,0.0,0.0,0.0
tile.dcache.data.data_arrays_0.RW0_wmask_8*tile.core._T_1873,0.0,8.350025792873364,0.0,0.0,0.0,0.0,0.0,0.0,0.0,0.0,0.0,0.0,0.0
tile.dcache.data.data_arrays_0.RW0_wmask_23*tile.hwacha.vus.vxuInst.laneInst.vfvuInst.fn_fp,0.0,0.0,0.0,0.0,0.0,0.0,0.0,0.0,0.0,0.0,18.90272290903948,0.0,0.0
tile.dcache.data.data_arrays_0.RW0_wmask_23*tile.core._T_1873,0.0,9.102097641448017,0.0,0.0,0.0,0.0,0.0,0.0,0.0,0.0,0.0,0.0,0.0
tile.dcache.data.data_arrays_0.RW0_wmask_24*tile.frontend.BTB._T_828,0.0,0.0,0.0,0.0,0.0,0.0,0.5266822230425628,0.0,0.0,0.0,0.0,0.0,0.0
tile.dcache.data.data_arrays_0.RW0_wmask_24*tile.core._T_1873,0.0,9.638882379919178,0.0,0.0,0.0,0.0,0.0,0.0,0.0,0.0,0.0,0.0,0.0
tile.dcache.data.data_arrays_0.RW0_wmask_24*tile.core.ibuf._T_95,0.0,0.0,4.260176594993415,0.0,0.0,0.0,0.0,0.0,0.0,0.0,0.0,0.0,0.0
tile.dcache.data.data_arrays_0.RW0_wmask_32*tile.frontend.icache.data_arrays_1.RW0_en,0.0,0.0,0.5163990108184933,0.0,0.0,0.0,0.0,0.0,0.0,0.0,0.0,0.0,0.0
tile.dcache.data.data_arrays_0.RW0_wmask_41*tile.dcache.data.data_arrays_0.RW0_wmask_57,0.0,0.3077619422219961,0.0,0.0,0.0,0.0,0.0,0.0,0.0,0.0,0.0,0.0,0.0
tile.dcache.data.data_arrays_0.RW0_wmask_41*tile.frontend.icache.data_arrays_1.RW0_en,0.0,0.0,0.23036577635574818,0.0,0.0,0.0,0.0,0.0,0.0,0.0,0.0,0.0,0.0
tile.dcache.data.data_arrays_0.RW0_wmask_49*tile.dcache.tlb.pmp._T_1089,0.0,8.660990199479116,53.13779506165969,0.0,0.0,0.0,0.0,0.0,0.0,0.0,0.0,0.0,0.0
tile.dcache.data.data_arrays_0.RW0_wmask_49*tile.frontend.BTB._T_442,0.0,0.0,0.0,0.0,0.0,0.0,0.1859365112814699,0.0,0.0,0.0,0.0,0.0,0.0
tile.dcache.data.data_arrays_0.RW0_wmask_49*tile.core._T_1873,0.0,38.47177965775395,14.837289826870737,0.0,0.0,0.0,0.0,0.0,0.0,0.0,0.0,0.0,0.0
tile.dcache.data.data_arrays_0.RW0_wmask_57*tile.dcache.tlb.pmp._T_1089,0.0,2.549656347876992,8.809075138812288,0.0,0.0,0.0,0.0,0.0,0.0,0.0,0.0,0.0,0.0
tile.dcache.data.data_arrays_0.RW0_wmask_57*tile.frontend.icache.s2_tag_hit_3,0.0,0.0,2.9757214389010094,0.0,0.0,0.0,0.0,0.0,0.0,0.0,0.0,0.0,0.0
tile.dcache.data.data_arrays_0.RW0_wmask_57*tile.frontend.icache.data_arrays_1.RW0_en,0.0,0.0,3.0458092713683844,0.0,0.0,0.0,0.0,0.0,0.0,0.0,0.0,0.0,0.0
tile.dcache.data.data_arrays_0.RW0_wmask_57*tile.core._T_1873,0.0,14.330700938364414,0.0,0.0,0.0,0.0,0.0,0.0,0.0,0.0,0.0,0.0,0.0
tile.dcache.data.data_arrays_1.RW0_rdata_9*tile.frontend.icache.data_arrays_0.RW0_en,0.0,0.0,6.862520865889727,0.0,0.0,0.0,0.0,0.0,0.0,0.0,0.0,0.0,0.0
tile.dcache.data.data_arrays_1.RW0_rdata_9*tile.frontend.icache.data_arrays_1.RW0_en,0.0,0.0,22.57355286814384,0.0,0.0,0.0,0.0,0.0,0.0,0.0,0.0,0.0,0.0
tile.dcache.data.data_arrays_1.RW0_rdata_9*tile.frontend.BTB._T_403,0.0,35.396776558313746,0.0,0.0,0.0,0.0,0.0,0.0,20.705135181583255,0.0,0.0,0.0,0.0
tile.dcache.data.data_arrays_1.RW0_rdata_9*tile.frontend.BTB._T_442,0.0,7.346805791694979,0.0,0.0,0.0,0.0,0.0,0.0,0.0,0.0,0.0,0.0,0.0
tile.dcache.data.data_arrays_1.RW0_rdata_9*tile.core.csr._T_3832,0.0,0.0,0.0,0.0,0.0,1.2836356890262388,0.0,0.0,0.0,0.0,0.0,0.0,0.0
tile.dcache.data.data_arrays_1.RW0_rdata_9*tile.core.csr._T_3956,0.0,0.0,2.9858113646850675,0.0,0.0,0.0,0.0,0.0,0.0,0.0,0.0,0.0,0.0
tile.dcache.data.data_arrays_1.data_arrays_0_ext.mem_0_1.CSB1*tile.frontend.icache._T_428,0.0,0.0,0.0,0.0,0.0,0.0,0.0,0.0,9.894161281540184,0.0,0.0,0.0,0.0
tile.dcache.data.data_arrays_1.data_arrays_0_ext.mem_0_1.CSB1*tile.frontend.icache.data_arrays_0.RW0_en,0.0,0.0,0.0,0.0,0.0,0.0,0.0,0.0,0.0,0.0,0.0,0.0,-0.5307276543434066
tile.dcache.data.data_arrays_1.data_arrays_0_ext.mem_0_1.CSB1*tile.frontend.BTB._T_403,0.0,30.153834128997016,75.50404350223448,0.0,0.0,0.0,0.0,0.0,50.232028218933294,0.0,0.0,0.0,0.0
tile.dcache.data.data_arrays_1.data_arrays_0_ext.mem_0_1.CSB1*tile.frontend.BTB._T_1247,0.0,0.0,0.0,0.0,0.0,0.0,0.0,0.0,0.0,0.0,0.0,0.0,-23.69759988224648
tile.dcache.data.data_arrays_1.data_arrays_0_ext.mem_0_1.CSB1*tile.core.ex_reg_inst_25_,0.0,0.0,1.234613083847879,0.0,0.0,0.0,0.0,0.0,0.0,0.0,0.0,0.0,0.0
tile.dcache.data.data_arrays_1.data_arrays_0_ext.mem_0_1.CSB1*tile.core.mem_reg_inst_7_,0.0,0.0,0.0,0.0,0.0,0.0,0.0,0.0,0.0,0.0,0.0,0.0,-2.3461838790814955
tile.dcache.data.data_arrays_1.data_arrays_0_ext.mem_0_1.CSB1*tile.core.csr._T_3741,0.0,0.0,0.0,0.0,0.0,0.0,0.0,0.0,0.0,0.0,0.0,0.0,-7.920657451493486
tile.dcache.data.data_arrays_1.data_arrays_0_ext.mem_0_1.CSB1*tile.core.csr._T_3743,0.0,0.0,0.0,0.0,0.0,0.0,0.0,0.0,0.0,0.0,0.0,0.0,-0.7096681975238144
tile.dcache.data.data_arrays_1.data_arrays_0_ext.mem_0_1.CSB1*tile.core.csr._T_3746,0.0,0.0,0.0,0.0,0.0,0.0,0.0,0.0,0.0,0.0,0.0,0.0,-0.881212914851395
tile.dcache.data.data_arrays_1.data_arrays_0_ext.mem_0_1.CSB1*tile.core.csr._T_3747,0.0,0.0,0.0,0.0,0.0,0.0,0.0,0.0,0.0,0.0,0.0,0.0,-1.6099115160524051
tile.dcache.data.data_arrays_1.data_arrays_0_ext.mem_0_1.CSB1*tile.core.csr._T_3767,0.0,0.0,0.0,0.0,0.0,0.0,0.0,0.0,0.0,0.0,0.0,0.0,-4.828027854251902
tile.dcache.data.data_arrays_1.data_arrays_0_ext.mem_0_1.CSB1*tile.core.csr._T_3832,0.0,0.0,0.0,0.0,0.0,0.0,0.0,0.0,0.0,0.0,0.0,0.0,-2.640011772830525
tile.dcache.tlb._T_354*tile.hwacha.io_cmd_bits_inst_rd,0.0,0.0,0.0,0.0,0.0,0.0,79.26991330711432,0.0,0.0,0.0,0.0,0.0,0.0
tile.dcache.tlb._T_354*tile.hwacha.vus.vxuInst.dccInst.vduInst.fdivInst.divInst.ds.divSqrtRecF64ToRaw._T_518,0.0,0.0,0.0,0.0,0.0,0.0,0.0,0.0,0.0,21099.846279177793,0.0,0.0,0.0
tile.dcache.tlb._T_354*tile.hwacha.vus.vxuInst.dccInst.vduInst.fdivInst.outtagqInst._T_43,0.0,0.0,0.0,0.0,0.0,0.0,0.0,0.0,0.0,10253.492703101945,0.0,0.0,0.0
tile.dcache.tlb._T_354*tile.frontend.icache.data_arrays_1.RW0_en,0.0,0.0,1.5541398912657514,0.0,0.0,0.0,0.0,0.0,0.0,0.0,0.0,0.0,0.0
tile.dcache.tlb._T_354*tile.frontend.BTB._T_403,0.0,7.655669736174845,0.0,0.0,0.0,0.0,70.9557484710693,0.0,0.0,0.0,0.0,0.0,0.0
tile.dcache.tlb._T_354*tile.frontend.BTB._T_459,0.0,29.5680060519492,0.0,0.0,0.0,0.0,0.0,0.0,0.0,0.0,0.0,0.0,0.0
tile.dcache.tlb._T_354*tile.frontend.BTB._T_1079,0.0,0.0,548.8112207362169,0.0,0.0,0.0,0.0,21.47639848261316,0.0,0.0,0.0,0.0,0.0
tile.dcache.tlb._T_354*tile.frontend.BTB._T_1247,0.0,4.388255727523909,0.0,0.0,0.0,0.0,0.0,0.0,0.0,0.0,0.0,0.0,0.0
tile.dcache.tlb._T_354*tile.fpuOpt.sfma.io_in_bits_fmaCmd,0.0,0.0,279.2361231119099,0.0,0.0,0.0,0.0,0.0,0.0,0.0,0.0,0.0,0.0
tile.dcache.tlb._T_354*tile.core._T_374,0.0,2.2947537554947206,0.0,0.0,0.0,0.0,1.0811561712514917,0.0,0.0,0.0,0.0,0.0,0.0
tile.dcache.tlb._T_354*tile.core._T_1873,0.0,0.0,0.0,0.0,0.0,201.24533011621713,0.0,0.0,0.0,0.0,0.0,0.0,0.0
tile.dcache.tlb._T_354*tile.core.ibuf._T_95,0.0,0.0,137.96728366389007,0.0,0.0,0.0,0.0,0.0,0.0,0.0,0.0,0.0,0.0
tile.dcache.tlb._T_354*tile.core.div._T_45,0.0,12.4604283318598,0.0,0.0,0.0,0.0,15.525573089107406,0.0,0.0,0.0,0.0,0.0,0.0
tile.dcache.tlb._T_354*tile.core.csr._T_3743,0.0,0.0,0.7119813922167191,0.0,0.0,0.0,0.0,0.0,0.0,0.0,0.0,0.0,0.0
tile.dcache.tlb._T_354*tile.core.csr._T_3956,0.0,0.0,24.35685410349328,0.0,0.0,0.0,0.0,0.0,0.0,0.0,0.0,0.0,0.0
tile.dcache.tlb.pmp._T_1089*tile.hwacha.vus.vxuInst.laneInst.bankInst.rfInst._T_385,0.0,0.0,0.0,0.0,0.0,0.0,0.0,0.0,0.0,0.0,23145.64933068574,0.0,0.0
tile.dcache.tlb.pmp._T_1089*tile.hwacha.vus.vxuInst.laneInst.vfmuInst_3.fmaInst_1.roundRawFNToRecFN.roundAnyRawFNToRecFN._T_94,0.0,0.0,0.0,0.0,0.0,0.0,0.0,0.0,27471.20645102798,0.0,0.0,0.0,0.0
tile.dcache.tlb.pmp._T_1089*tile.hwacha.vus.vxuInst.dccInst.vduInst.fdivInst._T_961,0.0,0.0,0.0,0.0,0.0,0.0,0.0,0.0,114139.98535533345,0.0,0.0,0.0,0.0
tile.dcache.tlb.pmp._T_1089*tile.frontend.icache.s2_tag_hit_4,0.0,2.6780257516467523,73.4724840435166,0.0,0.0,0.0,0.8216392951469188,0.0,0.0,0.0,0.0,0.0,0.0
tile.dcache.tlb.pmp._T_1089*tile.frontend.icache.s2_tag_hit_5,0.0,0.0,0.0,0.0,0.0,13.55509287752698,2.550093063506046,0.0,0.0,0.0,0.0,0.0,0.0
tile.dcache.tlb.pmp._T_1089*tile.frontend.BTB._T_442,0.0,10.084067899026246,0.0,0.0,0.0,0.0,17.178454757568755,0.0,0.0,0.0,0.0,0.0,0.0
tile.dcache.tlb.pmp._T_1089*tile.frontend.BTB._T_646,0.0,0.0,0.0,0.0,0.0,278.6106864698762,0.0,0.0,0.0,0.0,0.0,0.0,0.0
tile.dcache.tlb.pmp._T_1089*tile.frontend.BTB._T_828,0.0,38.78545138215214,0.0,0.0,0.0,0.0,14.601893802691317,0.0,0.0,0.0,0.0,0.0,0.0
tile.dcache.tlb.pmp._T_1089*tile.frontend.BTB._T_1065,0.0,0.0,0.0,0.0,0.0,27.530246719356366,0.0,0.0,0.0,0.0,0.0,0.0,0.0
tile.dcache.tlb.pmp._T_1089*tile.frontend.BTB._T_1109,0.0,55.09883631926015,0.0,0.0,0.0,0.0,0.0,0.0,0.0,0.0,0.0,0.0,0.0
tile.dcache.tlb.pmp._T_1089*tile.frontend.BTB._T_1137,0.0,0.0,0.0,0.0,0.0,1.838303671987375,0.0,0.0,0.0,0.0,0.0,0.0,0.0
tile.dcache.tlb.pmp._T_1089*tile.core.ex_reg_inst_25_,0.0,4.663332838088463,0.0,0.0,0.0,0.0,0.0,0.0,0.0,0.0,0.0,0.0,0.0
tile.dcache.tlb.pmp._T_1089*tile.core.mem_reg_inst_17_,0.0,17.5049436754419,0.0,0.0,0.0,0.0,0.0,0.0,0.0,0.0,0.0,0.0,0.0
tile.dcache.tlb.pmp._T_1089*tile.core._T_1873,0.0,275.44476576648407,0.0,0.0,0.0,617.475322704447,90.36355402771527,0.0,0.0,0.0,0.0,0.0,0.0
tile.hwacha.io_cmd_bits_inst_rd*tile.hwacha.vus.vxuInst.seqInst._T_15049,0.0,0.0,0.0,0.0,0.0,0.0,0.15001263929690925,0.0,0.0,0.0,0.0,0.0,0.0
tile.hwacha.io_cmd_bits_inst_rd*tile.frontend.icache.s2_tag_hit_4,0.0,0.0,0.0,0.0,0.0,1.7829139624251968,0.0,0.0,0.0,0.0,0.0,0.0,0.0
tile.hwacha.io_cmd_bits_inst_rd*tile.frontend.icache.data_arrays_0.RW0_en,112.65898310178373,0.0,0.0,0.0,0.0,0.0,0.0,11.283454671171226,22.75874601319972,0.0,0.0,0.0,0.0
tile.hwacha.io_cmd_bits_inst_rd*tile.frontend.icache.data_arrays_1.RW0_en,0.11185962062469688,0.0,0.0,0.0,0.0,0.0,0.0,23.184625977148084,21.323311077342012,0.0,0.0,0.0,0.0
tile.hwacha.io_cmd_bits_inst_rd*tile.frontend.BTB._T_646,0.0,0.0,0.0,0.0,0.0,0.0,2.1070322148133234,0.0,0.0,0.0,0.0,0.0,0.0
tile.hwacha.io_cmd_bits_inst_rd*tile.frontend.BTB._T_1137,0.0,0.0,0.0,0.0,0.0,0.0,15.749276312289556,0.0,0.0,0.0,0.0,0.0,0.0
tile.hwacha.io_cmd_bits_inst_rd*tile.frontend.BTB._T_1247,0.0,0.0,0.0,0.0,0.0,0.0,50.207849881651185,0.0,0.0,0.0,0.0,0.0,0.0
tile.hwacha.io_cmd_bits_inst_rd*tile.core.mem_reg_inst_7_,0.0,0.8087957765397578,0.0,0.0,0.0,0.0,0.0,0.0,0.0,0.0,0.0,0.0,0.0
tile.hwacha.io_cmd_bits_inst_rd*tile.core._T_598,0.0,0.0,0.0,0.0,0.0,0.0,0.4392594697282852,0.0,0.0,0.0,0.0,0.0,0.0
tile.hwacha.io_cmd_bits_inst_rd*tile.core._T_1897,0.0,0.0,0.0,0.0,0.0,0.0,0.0,51.396341080760614,0.0,0.0,0.0,0.0,0.0
tile.hwacha.io_cmd_bits_inst_rd*tile.core.ibuf._T_95,698.5550027767509,0.0,0.0,0.0,0.0,0.0,0.0,0.0,125.96275051312652,0.0,0.0,31.01070229088908,0.0
tile.hwacha.io_cmd_bits_inst_rd*tile.core.div._T_45,0.0,0.0,0.0,0.0,0.0,0.0,69.38977709747334,0.0,0.0,0.0,0.0,0.0,0.0
tile.hwacha.vus.vxuInst.seqInst.io_debug_second_sched_1*tile.hwacha.vus.vxuInst.seqInst._T_6418,0.0,0.0,0.0,0.0,0.0,0.0,0.0,0.0,0.0,0.0,0.043415395175017045,0.0,0.0
tile.hwacha.vus.vxuInst.seqInst.io_debug_second_sched_1*tile.hwacha.vus.vxuInst.seqInst._T_7171,0.0,0.0,0.0,0.0,0.0,0.0,0.0002857682008293695,0.0,0.0,0.0,0.0,0.0,0.0
tile.hwacha.vus.vxuInst.seqInst.io_debug_second_sched_1*tile.hwacha.vus.vxuInst.laneInst.vfmuInst.fmaInst_1.mulAddRecFNToRaw_postMul._T_202,0.0,0.0,0.0,0.0,0.0,0.0,0.0,0.5693116784687253,0.0,0.0,0.0,0.0,0.0
tile.hwacha.vus.vxuInst.seqInst._T_6035*tile.hwacha.vus.vxuInst.laneInst.bankInst.aluInst.io_req_bits_eidx,0.0,0.0,0.0,0.0,0.0,0.0,0.0,0.0,0.0,106.73065403788524,0.0,0.0,0.0
tile.hwacha.vus.vxuInst.seqInst._T_6035*tile.hwacha.vus.vxuInst.laneInst.vfmuInst._T_1246,0.0,0.0,0.0,0.0,0.0,0.0,0.0,0.4246947320077717,0.0,0.0,0.0,0.0,0.0
tile.hwacha.vus.vxuInst.seqInst._T_6035*tile.hwacha.vus.vxuInst.laneInst.vfmuInst.fmaInst_1.mulAddRecFNToRaw_postMul._T_202,0.0,0.0,0.0,0.0,0.0,0.0,0.0,0.1886391884031794,0.0,0.0,0.0,0.0,0.0
tile.hwacha.vus.vxuInst.seqInst._T_6102*tile.hwacha.vus.vxuInst.seqInst._T_6418,0.0,0.0,0.0,0.0,0.0,0.0,0.0015575492138272576,0.0,0.0,0.0,0.0,0.0,0.0
tile.hwacha.vus.vxuInst.seqInst._T_6102*tile.hwacha.vus.vxuInst.laneInst.bankInst.aluInst.io_req_bits_eidx,0.0,0.0,0.0,0.0,0.0,0.0,0.0,0.0,0.0,56.59710437267382,0.0,0.0,0.0
tile.hwacha.vus.vxuInst.seqInst._T_6102*tile.hwacha.vus.vxuInst.laneInst.vfmuInst._T_1246,0.0,0.0,0.0,0.0,0.0,0.0,0.0,0.9776099756453199,0.0,0.0,0.0,0.0,0.0
tile.hwacha.vus.vxuInst.seqInst._T_6102*tile.hwacha.vus.vxuInst.laneInst.vfmuInst.fmaInst_1.mulAddRecFNToRaw_postMul._T_202,0.0,0.0,0.0,0.0,0.0,0.0,0.0,0.09549157215592337,0.0,0.0,0.0,0.0,0.0
tile.hwacha.vus.vxuInst.seqInst._T_6102*tile.hwacha.vus.vxuInst.dccInst.vpuInst.bpqInst_2._T_41,11.239325162201855,0.0,0.0,0.0,0.0,0.0,0.0,0.0,0.0,0.0,26.438825299710427,0.0,0.0
tile.hwacha.vus.vxuInst.seqInst._T_6418*tile.hwacha.vus.vxuInst.laneInst.bankInst.aluInst.io_req_bits_eidx,0.0,0.0,0.0,0.0,0.0,0.0,0.0,0.0,0.0,57.25099108594432,0.0,0.0,0.0
tile.hwacha.vus.vxuInst.seqInst._T_6418*tile.hwacha.vus.vxuInst.laneInst.vfmuInst._T_1246,0.0,0.0,0.0,0.0,0.0,0.0,0.0,2.651538744661172,0.0,0.0,0.0,0.0,0.0
tile.hwacha.vus.vxuInst.seqInst._T_6418*tile.hwacha.vus.vxuInst.laneInst.vfmuInst_2.fmaInst_1.mulAddRecFNToRaw_postMul._T_270,0.0,0.0,0.0,0.0,0.0,0.0,0.0,0.6376726372489622,0.0,0.0,0.0,0.0,0.0
tile.hwacha.vus.vxuInst.seqInst._T_6418*tile.hwacha.vus.vxuInst.laneInst.vfmuInst_3.fmaInst_1.roundRawFNToRecFN.roundAnyRawFNToRecFN._T_94,0.0,0.0,0.0,0.0,0.0,0.0,0.0,2.254767579406997,0.0,0.0,0.0,0.0,0.0
tile.hwacha.vus.vxuInst.seqInst._T_6418*tile.hwacha.vus.vxuInst.dccInst.vduInst.fdivInst.outtagqInst._T_43,0.0,0.0,0.0,0.0,0.0,0.0,0.0,0.0,0.0,551.237396263191,0.0,0.0,0.0
tile.hwacha.vus.vxuInst.seqInst._T_6824*tile.hwacha.vus.vxuInst.laneInst.bankInst.aluInst.io_req_bits_eidx,0.0,0.0,0.0,0.0,0.0,0.0,0.0,0.0,0.0,15.341132256480222,0.0,15.483218924478184,0.0
tile.hwacha.vus.vxuInst.seqInst._T_7171*tile.hwacha.vus.vxuInst.laneInst.bankInst.aluInst.io_req_bits_eidx,0.0,0.0,0.0,0.0,0.0,0.0,0.0,0.0,0.0,227.52248512114886,0.0,0.0,0.0
tile.hwacha.vus.vxuInst.seqInst._T_7748*tile.hwacha.vus.vxuInst.seqInst._T_13017,0.0,0.0,0.0,0.0,0.0,0.25655820131530505,0.0,0.0,0.0,0.0,0.0,0.0,0.0
tile.hwacha.vus.vxuInst.seqInst._T_13004*tile.hwacha.vus.vxuInst.laneInst.bankInst.aluInst.io_req_bits_eidx,0.0,0.0,0.0,0.0,0.0,0.0,0.0,0.0,0.0,138.534740987391,0.0,0.0,0.0
tile.hwacha.vus.vxuInst.seqInst._T_13004*tile.hwacha.vus.vxuInst.laneInst.vfmuInst_2.fmaInst_1.mulAddRecFNToRaw_postMul._T_270,0.0,0.0,0.0,0.0,0.0,0.0,0.0,0.12043109015283841,0.0,0.0,0.0,0.0,0.0
tile.hwacha.vus.vxuInst.seqInst._T_13004*tile.hwacha.vus.vxuInst.dccInst.vduInst.ctrlInst.io_lpq_ready,0.0,0.0,0.0,0.0,0.0,0.0,0.0,0.0,0.0,71.09858522325447,0.0,0.0,0.0
tile.hwacha.vus.vxuInst.seqInst._T_13004*tile.hwacha.vus.vxuInst.dccInst.vduInst.fdivInst.outtagqInst._T_43,0.0,0.0,0.0,0.0,0.0,0.0,0.0,0.0,0.0,65.63715890697006,0.0,0.0,0.0
tile.hwacha.vus.vxuInst.seqInst._T_13017*tile.hwacha.vus.vxuInst.laneInst.bankInst.aluInst.io_req_bits_eidx,0.0,0.0,0.0,0.0,0.0,0.0,0.0,0.0,0.0,14.043276720550677,0.0,12.276689489552389,0.0
tile.hwacha.vus.vxuInst.seqInst._T_13017*tile.hwacha.vus.vxuInst.dccInst.vpuInst.bpqInst_2._T_41,38.75500076125517,0.0,0.0,0.0,0.0,0.0,0.0,0.0,0.0,0.0,11.849261457952629,0.0,0.0
tile.hwacha.vus.vxuInst.seqInst._T_13017*tile.frontend.icache._T_1167,0.0,0.0,0.0,0.0,0.0,0.0,1.7064435942398553,0.0,0.0,0.0,0.0,0.0,0.0
tile.hwacha.vus.vxuInst.seqInst._T_15049*tile.hwacha.vus.vxuInst.laneInst.bankInst.aluInst.io_req_bits_eidx,0.0,0.0,0.0,0.0,0.0,0.0,0.0,0.0,0.0,4.822871320619882,0.0,0.0,0.0
tile.hwacha.vus.vxuInst.seqInst._T_15049*tile.hwacha.vus.vxuInst.laneInst.vfmuInst.fmaInst_1.mulAddRecFNToRaw_postMul._T_202,0.0,0.0,0.0,0.0,0.0,0.0,0.0,1.820819735919215,0.0,0.0,0.0,0.0,0.0
tile.hwacha.vus.vxuInst.seqInst._T_15049*tile.hwacha.vus.vxuInst.laneInst.vfmuInst_2.fmaInst_1.io_a,7.37016652357937,0.0,0.0,0.0,0.0,0.0,0.0,0.0,0.0,0.0,0.0,0.0,0.0
tile.hwacha.vus.vxuInst.seqInst._T_15049*tile.hwacha.vus.vxuInst.laneInst.vfmuInst_2.fmaInst_1.mulAddRecFNToRaw_postMul._T_270,0.0,0.0,0.0,0.0,0.0,0.0,0.0,2.0039240771014706,0.0,0.0,0.0,0.0,0.0
tile.hwacha.vus.vxuInst.seqInst._T_15049*tile.hwacha.vus.vxuInst.dccInst.vduInst.fdivInst.divInst.ds.divSqrtRecF64ToRaw._T_518,0.0,0.0,0.0,0.0,0.0,0.0,0.0,0.0,0.0,247.08692218841887,0.0,0.0,0.0
tile.hwacha.vus.vxuInst.seqInst._T_15049*tile.hwacha.vus.vxuInst.dccInst.vduInst.fdivInst.outtagqInst._T_43,0.0,0.0,0.0,0.0,0.0,0.0,0.0,0.0,0.0,8.19283624778045,0.0,0.0,0.0
tile.hwacha.vus.vxuInst.seqInst._T_15049*tile.frontend.icache._T_1167,0.0,0.0,0.0,0.0,0.0,0.0,0.0,0.0,0.0,0.0,6.145254648199061,0.0,0.0
tile.hwacha.vus.vxuInst.seqInst._T_15049*tile.core._T_1623,0.0,0.0,0.0,0.0,0.0,0.0,0.009728983459941394,0.0,0.0,0.0,0.0,0.0,0.0
tile.hwacha.vus.vxuInst.seqInst._T_16830*tile.frontend.icache.data_arrays_1.RW0_en,0.0,0.0,0.0,0.0,0.0,0.0,0.0,0.0,2.7178788374925684,0.0,0.0,0.0,0.0
tile.hwacha.vus.vxuInst.seqInst._T_16830*tile.frontend.BTB.io_resp_bits_bht_value,0.0,0.0,0.0,0.0,0.0,0.0,0.0,0.0,2.1807032171860268,0.0,0.0,0.0,0.0
tile.hwacha.vus.vxuInst.seqInst._T_16830*tile.core._T_1623,0.0,0.0,0.0,0.0,0.0,0.0,0.037606945743185405,0.0,0.0,0.0,0.0,0.0,0.0
tile.hwacha.vus.vxuInst.seqInst._T_16830*tile.core.ibuf._T_95,0.0,0.0,0.0,0.0,0.0,0.0,0.0,0.0,24.739693326271006,0.0,0.0,0.0,0.0
tile.hwacha.vus.vxuInst.seqInst._T_17024*tile.frontend.icache.data_arrays_0.RW0_en,0.0,0.0,0.0,0.0,0.0,0.0,0.0,0.0,0.029732965294044556,0.0,0.0,0.0,0.0
tile.hwacha.vus.vxuInst.seqInst._T_17024*tile.frontend.icache.data_arrays_1.RW0_en,0.0,0.0,0.0,0.0,0.0,0.0,0.0,0.0,1.681694783857017,0.0,0.0,0.0,0.0
tile.hwacha.vus.vxuInst.seqInst._T_17024*tile.core.mem_reg_inst_7_,0.0,0.0,20.604504781052626,0.0,0.0,0.0,0.0,0.0,0.0,0.0,0.0,0.0,0.0
tile.hwacha.vus.vxuInst.seqInst._T_17267*tile.hwacha.vus.vxuInst.laneInst.bankInst.aluInst.io_req_bits_eidx,0.0,0.0,0.0,0.0,0.0,0.0,0.0,0.0,0.0,12.74025618586734,0.0,0.0,0.0
tile.hwacha.vus.vxuInst.seqInst._T_17267*tile.hwacha.vus.vxuInst.dccInst.vduInst.ctrlInst.io_lpq_ready,295.2859449562086,0.0,0.0,0.0,0.0,0.0,0.0,0.0,0.0,357.06148801311156,0.0,0.0,0.0
tile.hwacha.vus.vxuInst.seqInst._T_17267*tile.hwacha.vus.vxuInst.dccInst.vduInst.fdivInst.divInst.ds.divSqrtRecF64ToRaw._T_518,0.0,0.0,0.0,0.0,0.0,0.0,0.0,0.0,0.0,169.13260064018607,0.0,0.0,0.0
tile.hwacha.vus.vxuInst.seqInst._T_17267*tile.hwacha.vus.vxuInst.dccInst.vduInst.fdivInst.outtagqInst._T_43,0.0,0.0,0.0,0.0,0.0,0.0,0.0,0.0,0.0,73.3484063830596,0.0,0.0,0.0
tile.hwacha.vus.vxuInst.seqInst._T_18004*tile.frontend.icache._T_1167,0.0,0.0,0.0,0.0,0.0,0.0,0.0,0.0,0.0,0.0,2.480504736706506,0.0,0.0
tile.hwacha.vus.vxuInst.seqInst._T_18004*tile.frontend.icache.data_arrays_0.RW0_en,0.0,0.0,0.0,0.0,0.0,0.0,0.0,0.0,1.3586601503704003,0.0,0.0,0.0,0.0
tile.hwacha.vus.vxuInst.seqInst._T_18004*tile.frontend.icache.data_arrays_1.RW0_en,0.0,0.0,0.0,0.0,0.0,0.0,0.0,0.0,1.5097542345948858,0.0,0.0,0.0,0.0
tile.hwacha.vus.vxuInst.seqInst._T_18004*tile.frontend.BTB.io_resp_bits_bht_value,0.0,0.0,0.0,0.0,0.0,0.0,0.0,0.0,1.169020437805926,0.0,0.0,0.0,0.0
tile.hwacha.vus.vxuInst.seqInst._T_18004*tile.core.mem_reg_inst_7_,0.0,0.0,7.748987082081686,0.0,0.0,0.0,0.0,0.0,0.0,0.0,0.0,0.0,0.0
tile.hwacha.vus.vxuInst.seqInst._T_18004*tile.core._T_1623,0.0,0.0,0.0,0.0,0.0,0.0,0.13284624986069804,0.0,0.0,0.0,0.0,0.0,0.0
tile.hwacha.vus.vxuInst.seqInst._T_18004*tile.core.ibuf._T_95,0.0,0.0,0.0,0.0,0.0,0.0,0.0,0.0,12.226075591866111,0.0,0.0,0.0,0.0
tile.hwacha.vus.vxuInst.seqInst._T_18489*tile.core.mem_reg_inst_7_,0.0,0.0,2.9757454077986374,0.0,0.0,0.0,0.0,0.0,0.0,0.0,0.0,0.0,0.0
tile.hwacha.vus.vxuInst.seqInst._T_18489*tile.core.ibuf._T_95,0.0,0.0,0.0,0.0,0.0,0.0,0.0,0.0,4.174109538641807,0.0,0.0,0.0,0.0
tile.hwacha.vus.vxuInst.laneInst.bankInst.aluInst.io_req_bits_eidx*tile.hwacha.vus.vxuInst.laneInst.bankInst.rfInst._T_385,0.0,0.0,0.0,0.0,0.0,0.0,0.0,0.0,0.0,0.0,37.20062736676938,0.0,0.0
tile.hwacha.vus.vxuInst.laneInst.bankInst.aluInst.io_req_bits_eidx*tile.hwacha.vus.vxuInst.laneInst.vfmuInst_2.fmaInst_1.io_a,0.0,0.0,0.0,0.0,0.0,0.0,0.0,0.0,0.0,0.0,0.0,90.22301217268152,0.0
tile.hwacha.vus.vxuInst.laneInst.bankInst.aluInst.io_req_bits_eidx*tile.hwacha.vus.vxuInst.dccInst.vduInst.fdivInst.outtagqInst._T_43,0.0,0.0,0.0,0.0,0.0,0.0,0.0,0.0,0.0,124.31507122308739,0.0,0.0,0.0
tile.hwacha.vus.vxuInst.laneInst.bankInst.aluInst.io_req_bits_eidx*tile.hwacha.vus.vxuInst.dccInst.vguInst.lrqInst._T_55,0.0,0.0,0.0,0.0,0.0,0.0,0.0,0.0,0.0,0.0,36.304916489163546,0.0,0.0
tile.hwacha.vus.vxuInst.laneInst.bankInst.aluInst.io_req_bits_eidx*tile.frontend.icache.data_arrays_0.RW0_en,0.0,0.0,0.0,0.0,0.0,0.0,0.0,0.0,0.0,11.071159493457865,0.0,0.0,0.0
tile.hwacha.vus.vxuInst.laneInst.bankInst.aluInst.io_req_bits_eidx*tile.frontend.icache.data_arrays_1.RW0_en,0.0,0.0,0.0,0.0,0.0,0.0,0.0,0.0,0.0,21.555131652433037,0.0,0.0,0.0
tile.hwacha.vus.vxuInst.laneInst.vfmuInst._T_1246*tile.hwacha.vus.vxuInst.laneInst.vfmuInst.fmaInst_1.mulAddRecFNToRaw_postMul._T_202,16.467482883477167,0.0,0.0,0.0,0.0,0.0,0.0,0.0,0.0,0.0,0.0,0.0,1.7263551749175232
tile.hwacha.vus.vxuInst.laneInst.vfmuInst._T_1246*tile.hwacha.vus.vxuInst.laneInst.vfmuInst_2.fmaInst_1.mulAddRecFNToRaw_postMul._T_270,9.917542801217495,0.0,0.0,0.0,0.0,0.0,0.0,0.0,0.0,0.0,0.0,0.0,0.0
tile.hwacha.vus.vxuInst.laneInst.vfmuInst._T_1246*tile.core._T_598,0.0,0.0,0.0,0.0,0.0,0.0,0.3661832485619426,0.0388489337893328,0.0,0.0,0.0,0.0,0.0
tile.hwacha.vus.vxuInst.laneInst.vfmuInst._T_1246*tile.core._T_1623,0.0,0.0,0.0,0.0,0.0,0.0,0.7572295222169518,0.0,0.0,0.0,4.939457167352546,0.0,0.0
tile.hwacha.vus.vxuInst.laneInst.vfmuInst.fmaInst_1.mulAddRecFNToRaw_postMul._T_202*tile.core.mem_reg_inst_7_,0.0,0.0,1.4648943248148372,0.0,0.0,0.0,0.0,0.0,0.0,0.0,0.0,0.0,0.0
tile.hwacha.vus.vxuInst.laneInst.vfmuInst_1._T_780*tile.hwacha.vus.vxuInst.laneInst.vfmuInst_3.fmaInst_1.roundRawFNToRecFN.roundAnyRawFNToRecFN._T_94,1883.7198472736138,21376.36692623282,154045.9895424478,0.0,0.0,0.0,17418.43682264308,0.0,100569.26334416088,0.0,0.0,0.0,0.0
tile.hwacha.vus.vxuInst.laneInst.vfmuInst_1._T_780*tile.hwacha.vus.vxuInst.dccInst.vduInst.fdivInst._T_961,7448.197348372541,85464.93082642008,2.3631878083332593e-07,0.0,0.0,0.0,70010.00388811549,0.0,402244.95650851796,0.0,0.0,0.0,0.0
tile.hwacha.vus.vxuInst.laneInst.vfmuInst_1._T_780*tile.hwacha.vus.vxuInst.dccInst.vpuInst.bpqInst_2._T_41,0.0,0.0,0.0,0.0,0.0,0.0,0.0,0.0,0.0,0.0,701.8788075070213,0.0,0.0
tile.hwacha.vus.vxuInst.laneInst.vfmuInst_2._T_640*tile.frontend.BTB.io_resp_bits_bht_value,0.0,0.0,0.0,0.0,0.0,2.752221159939384,0.0,0.0,0.0,0.0,0.0,0.0,0.0
tile.hwacha.vus.vxuInst.laneInst.vfmuInst_2.fmaInst_1.io_a*tile.frontend.icache.data_arrays_1.RW0_en,98.90371663416349,0.0,0.0,0.0,0.0,0.0,0.0,0.0,0.0,0.0,0.0,0.0,0.0
tile.hwacha.vus.vxuInst.laneInst.vfmuInst_2.fmaInst_1.io_a*tile.core._T_1623,0.0,0.0,0.0,0.0,0.0,0.0,0.0,0.0,0.0,0.0,14.493734791574335,0.0,0.0
tile.hwacha.vus.vxuInst.laneInst.vfmuInst_3.fmaInst_1.roundRawFNToRecFN.roundAnyRawFNToRecFN._T_94*tile.hwacha.vus.vxuInst.dccInst.vduInst.fdivInst._T_961,6430.479001172432,74747.16452496208,2.6352127322443663e-05,0.0,0.0,0.0,61984.645822814295,0.0,351944.63877125503,0.0,0.0,0.0,0.0
tile.hwacha.vus.vxuInst.laneInst.vfmuInst_3.fmaInst_1.roundRawFNToRecFN.roundAnyRawFNToRecFN._T_94*tile.core._T_1623,0.0,0.0,0.0,0.0,0.0,0.0,0.0,0.0,0.0,0.0,4.885230169271521,0.0,0.0
tile.hwacha.vus.vxuInst.laneInst.vfvuInst.fn_fp*tile.core.ibuf._T_95,0.0,0.0,0.0,0.0,0.0,0.0,0.0,0.0,199.51946362702225,0.0,0.0,0.0,0.0
tile.hwacha.vus.vxuInst.dccInst.vduInst.ctrlInst.io_lpq_ready*tile.hwacha.vus.vxuInst.dccInst.vduInst.fdivInst.divInst.ds.divSqrtRecF64ToRaw._T_518,364.01619506671545,0.0,0.0,0.0,0.0,0.0,0.0,0.0,0.0,90.41994496335765,0.0,0.0,0.0
tile.hwacha.vus.vxuInst.dccInst.vduInst.ctrlInst.io_lpq_ready*tile.hwacha.vus.vxuInst.dccInst.vduInst.fdivInst.outtagqInst._T_43,0.0,0.0,0.0,0.0,0.0,0.0,0.0,0.0,0.0,10.740478152957346,0.0,0.0,0.0
tile.hwacha.vus.vxuInst.dccInst.vduInst.ctrlInst.io_lpq_ready*tile.hwacha.vus.vxuInst.dccInst.vpuInst.bpqInst_2._T_41,138.32357317929882,0.0,0.0,0.0,0.0,0.0,0.0,0.0,0.0,0.0,0.0,0.0,0.0
tile.hwacha.vus.vxuInst.dccInst.vduInst.ctrlInst.io_lpq_ready*tile.core.alu._T_138,0.0,0.0,0.0,0.0,0.0,0.0,0.0,0.0,0.0,1389.1831699720706,0.0,0.0,0.0
tile.hwacha.vus.vxuInst.dccInst.vduInst.ctrlInst.io_lpq_ready*tile.core.csr._T_3743,0.0,0.0,0.0,0.0,0.0,0.0,0.0,0.0,0.0,797.1425606591914,0.0,0.0,0.0
tile.hwacha.vus.vxuInst.dccInst.vduInst.idivInst.divInst._T_357*tile.core.mem_reg_inst_7_,0.0,0.0,0.0,0.0,0.0,0.0,0.0,0.0,0.0,138.80169813766582,0.0,0.0,0.0
tile.hwacha.vus.vxuInst.dccInst.vduInst.idivInst.divInst._T_357*tile.core.csr._T_4128,0.0,0.0,0.0,0.0,0.0,0.0,0.0,0.0,0.0,19.51410703215809,0.0,0.0,0.0
tile.hwacha.vus.vxuInst.dccInst.vduInst.fdivInst._T_961*tile.frontend.icache.data_arrays_0.RW0_en,0.0,0.0,0.0,0.0,0.0,0.0,0.0,0.0,0.0,0.0,0.0,0.0,-262.18615866805453
tile.hwacha.vus.vxuInst.dccInst.vduInst.fdivInst._T_961*tile.core._T_1623,0.0,0.0,0.0,0.0,0.0,0.0,0.0,0.0,0.0,0.0,0.0,0.0,-2197.0335232728485
tile.hwacha.vus.vxuInst.dccInst.vduInst.fdivInst._T_961*tile.core.ibuf._T_95,0.0,0.0,0.0,0.0,0.0,0.0,0.0,0.0,0.0,0.0,0.0,0.0,-1709.82471178992
tile.hwacha.vus.vxuInst.dccInst.vguInst.lrqInst._T_55*tile.hwacha.vus.vxuInst.dccInst.vpuInst.bpqInst_2._T_41,0.0,0.0,0.0,0.0,0.0,0.0,0.0,0.0,0.0,0.0,1.086636058498791,0.0,0.0
tile.hwacha.vus.vxuInst.dccInst.vpuInst.bpqInst_2._T_41*tile.frontend.icache.data_arrays_0.RW0_en,0.0,0.0,0.0,0.0,0.0,0.0,0.0,0.0,8.143065135894723,0.0,0.0,0.0,0.0
tile.hwacha.vus.vxuInst.dccInst.vpuInst.bpqInst_2._T_41*tile.frontend.icache.data_arrays_1.RW0_en,209.57345398780953,0.0,0.0,0.0,0.0,0.0,0.0,0.0,17.93723464827219,0.0,0.0,0.0,0.0
tile.hwacha.vus.vxuInst.dccInst.vpuInst.bpqInst_2._T_41*tile.core.ibuf._T_95,269.5184300932447,0.0,0.0,0.0,0.0,0.0,0.0,0.0,6.009265603916823,0.0,0.0,0.0,0.0
tile.frontend.auto_icache_master_out_d_valid*tile.frontend.fq.io_enq_bits_btb_entry,0.0,0.0,0.0,0.0,0.0,0.0,10.827672861864704,0.0,0.0,0.0,0.0,0.0,0.0
tile.frontend.auto_icache_master_out_d_valid*tile.frontend.BTB._T_403,0.0,0.0,0.0,0.0,0.0,0.0,17.116479655856466,0.0,0.0,0.0,0.0,0.0,0.0
tile.frontend.icache._T_428*tile.frontend.icache._T_1167,0.0,0.0,0.0,0.0,0.0,0.0,0.48857957645734273,0.0,0.0,0.0,0.0,0.0,0.0
tile.frontend.icache._T_428*tile.frontend.BTB._T_403,0.0,0.0,0.0,0.0,0.0,0.0,0.0,0.0,3.1032497646319808,0.0,0.0,0.0,0.0
tile.frontend.icache._T_428*tile.frontend.BTB._T_646,0.0,0.0,0.0,0.0,0.0,0.0,0.0,0.0,0.0,9.056851908510772,0.7552589462589426,0.0,0.0
tile.frontend.icache._T_428*tile.frontend.BTB._T_1030,0.0,0.0,0.0,0.0,0.0,14.250553151276646,0.0,0.0,0.0,0.0,0.0,0.0,0.0
tile.frontend.icache._T_428*tile.frontend.BTB._T_1079,0.0,0.0,0.0,0.0,0.0,0.0,0.0,0.0,0.0,0.0,0.0,0.05162167317548859,0.0
tile.frontend.icache._T_428*tile.frontend.BTB._T_1137,0.0,0.0,0.0,0.0,0.0,0.0,0.0,0.0,0.0,2.9053671914455426,0.16212591153173303,0.0,0.0
tile.frontend.icache._T_428*tile.fpuOpt.sfma.io_in_bits_fmaCmd,330.86130558462935,0.0,452.9775006041723,0.0,0.0,825.7827209056029,19.278257417168856,0.0,175.0241523387475,0.0,0.0,0.0,0.0
tile.frontend.icache._T_428*tile.core.mem_reg_inst_7_,4.561783566432724,3.2350233177168515,0.8413937010738881,0.0,0.0,0.0,3.064848526652424,0.0,0.0,0.0,0.0,0.0,0.0
tile.frontend.icache._T_428*tile.core.csr._T_3749,0.0,11.08832568798291,0.0,0.0,0.0,0.02096851725783,0.0,0.0,0.0,0.0,0.0,0.0,0.0
tile.frontend.icache.s2_tag_hit_3*tile.frontend.BTB._T_828,0.0,0.0,0.0,0.0,0.0,0.0,0.0,0.0,0.0,1.5461724156696675,0.0,0.0,0.0
tile.frontend.icache.s2_tag_hit_3*tile.frontend.BTB._T_1128,0.0,0.0,0.0,0.0,0.0,0.0,0.0,0.0,4.651058298146895,0.0,0.0,0.0,0.0
tile.frontend.icache.s2_tag_hit_3*tile.core.ibuf._T_95,0.0,3.601176772115502,0.0,0.0,0.0,0.0,8.117725649865564,0.0,19.558909457581212,0.0,0.0,0.0,0.0
tile.frontend.icache.s2_tag_hit_4*tile.frontend.icache._T_1167,0.0,0.18266872838321946,0.0,0.0,0.0,0.0,0.0,0.0,0.0,0.0,0.0,0.0,0.0
tile.frontend.icache.s2_tag_hit_4*tile.frontend.BTB._T_442,0.0,0.0,0.0,0.0,0.0,0.0,0.0,0.0,0.0,0.0,0.0,2.9288369326870445,0.0
tile.frontend.icache.s2_tag_hit_4*tile.frontend.BTB._T_646,0.0,0.0,0.0,0.0,0.0,0.0,5.722568650001921,0.08458243202998528,1.3470033448910126,0.6962532143567078,0.0,0.0,0.0
tile.frontend.icache.s2_tag_hit_4*tile.frontend.BTB._T_828,0.0,0.0,0.0,0.0,0.0,0.0,0.3049937433276494,0.0,0.0,2.058834840083509,0.0,0.0,0.0
tile.frontend.icache.s2_tag_hit_4*tile.frontend.BTB._T_1065,0.0,0.0,0.0,0.0,0.0,0.0,0.0,0.0,0.0,0.0,0.0,19.846363325259688,0.0
tile.frontend.icache.s2_tag_hit_4*tile.frontend.BTB._T_1137,0.0,0.0,0.0,0.0,0.0,0.0,0.9894483079363988,1.3235280156371627,0.0,0.7003841123660293,0.0,0.0,0.0
tile.frontend.icache.s2_tag_hit_4*tile.frontend.BTB._T_1247,0.0,3.7275790897754066,0.0,0.0,0.0,0.0,0.957970128568916,0.0,0.0,0.0,0.0,0.0,0.0
tile.frontend.icache.s2_tag_hit_4*tile.core.ex_reg_inst_25_,0.0,0.19110105628260873,0.0,0.0,0.0,0.0,0.0,0.0,0.0,0.0,0.0,0.0,0.0
tile.frontend.icache.s2_tag_hit_4*tile.core.mem_reg_inst_7_,0.0,0.0,0.0044094397269984955,0.0,0.0,0.0,0.0,0.0,0.0,0.0,0.0,0.0,0.0
tile.frontend.icache.s2_tag_hit_4*tile.core._T_374,0.0,0.46885079273244,0.0,0.0,0.0,0.0,0.0,0.0,0.0,0.0,0.0,0.0,0.0
tile.frontend.icache.s2_tag_hit_4*tile.core._T_1873,0.0,40.912588997925674,0.0,0.0,0.0,0.0,0.0,0.0,0.0,0.0,0.0,0.0,0.0
tile.frontend.icache.s2_tag_hit_4*tile.core.ibuf._T_95,0.0,0.0,0.0,0.0,0.0,0.344468451940247,0.0,0.0,0.0,0.0,0.0,0.0,0.0
tile.frontend.icache.s2_tag_hit_4*tile.core.csr._T_3749,0.0,0.0,0.0,0.0,0.0,0.1610557932766824,0.0,0.0,0.0,0.0,0.0,0.0,0.0
tile.frontend.icache.s2_tag_hit_4*tile.core.csr._T_3832,0.0,0.0,0.8538024580315547,0.0,0.0,0.0,0.0,0.0,0.0,0.0,0.0,0.0,0.0
tile.frontend.icache.s2_tag_hit_5*tile.frontend.icache._T_1167,3.0068572847315833,0.0,0.0,0.0,0.0,0.0,0.0,3.742448329648789,0.0,0.0,0.0,7.427605953436045,0.0
tile.frontend.icache.s2_tag_hit_5*tile.frontend.BTB._T_1079,0.0,0.0,0.0,0.0,0.0,1.0775829881457537,0.0,0.16631947613294004,0.0,0.0,0.0,0.0,0.0
tile.frontend.icache.s2_tag_hit_5*tile.frontend.BTB._T_1109,0.0,7.387751812790137,0.0,0.0,0.0,0.0,0.0,0.0,0.0,0.0,0.0,0.0,0.0
tile.frontend.icache.s2_tag_hit_5*tile.core._T_1873,0.0,0.0,0.0,0.0,0.0,27.72267405815096,0.0,0.0,0.0,0.0,0.0,0.0,0.0
tile.frontend.icache.s2_tag_hit_5*tile.core.ibuf._T_95,0.0,0.0,4.883062415403121,0.0,0.0,0.0,0.5004276253072184,0.0,9.85550753518735,0.0,0.0,0.0,0.0
tile.frontend.icache.s2_tag_hit_5*tile.core.csr._T_3832,0.0,0.0,0.0,0.0,0.0,0.357809728340709,0.0,0.0,0.0,0.0,0.0,0.0,0.0
tile.frontend.icache._T_1167*tile.frontend.BTB.io_resp_bits_bht_value,0.0,0.0,0.0,0.0,0.0,0.0,0.5018373542188683,0.0,0.0,0.0,0.0,0.0,0.0
tile.frontend.icache._T_1167*tile.frontend.BTB._T_403,0.0,0.0,0.0,0.0,0.0,0.0,1.7062949008611261,0.0,0.0,0.0,0.0,0.0,0.0
tile.frontend.icache._T_1167*tile.frontend.BTB._T_516,0.0,0.516943580265266,0.0,0.0,0.0,0.0,0.0,0.0,0.0,0.0,0.0,0.0,0.0
tile.frontend.icache._T_1167*tile.frontend.BTB._T_825,0.0,0.0,0.0,0.0,0.0,0.0,1.1078212968621703,1.0465611273467033,0.0,1.7078437158869202,0.0,0.0,0.0
tile.frontend.icache._T_1167*tile.frontend.BTB._T_1065,0.0,0.0,0.0,0.0,0.0,0.0,0.92666788579918,0.0,0.0,0.0,0.0,0.0,0.0
tile.frontend.icache._T_1167*tile.frontend.BTB._T_1079,0.0,0.0,0.0,0.0,0.0,0.0,0.0,0.0,7.172705110651407,0.0,0.0,0.0,0.0
tile.frontend.icache._T_1167*tile.core.ibuf._T_95,0.0,0.0,0.0,0.0,0.0,15.504128781587575,0.0,0.0,0.0,0.0,0.0,0.0,0.0
tile.frontend.icache._T_1167*tile.core.csr._T_3749,0.0,0.0,0.0,0.0,0.0,0.0,0.4902425848174381,0.0,0.0,0.0,0.0,0.0,0.0
tile.frontend.icache._T_1167*tile.core.csr._T_4128,0.0,0.0,0.0,0.0,0.0,0.0,0.04951073491072307,0.0,0.0,0.0,0.0,0.0,0.0
tile.frontend.icache.data_arrays_0.RW0_en*tile.frontend.BTB._T_1079,0.0,0.0,0.0,0.0,0.0,0.0,0.0,0.0,0.0,0.0,0.0,0.7507505662941427,0.0
tile.frontend.icache.data_arrays_1.RW0_en*tile.fpuOpt.sfma.io_in_bits_fmaCmd,0.0,0.0,0.0,0.0,0.0,18.011572638893906,0.0,0.0,0.0,0.0,0.0,0.0,0.0
tile.frontend.icache.data_arrays_1.RW0_en*tile.core.mem_reg_inst_7_,1.5813279008120356,0.0,0.0,0.0,0.0,0.0,0.0,0.0,0.0,0.0,0.0,0.0,0.0
tile.frontend.icache.data_arrays_1.RW0_en*tile.core._T_1768,0.0,2.587473251615479,0.0,0.0,0.0,0.0,0.0,0.0,0.0,0.0,0.0,0.0,0.0
tile.frontend.icache.data_arrays_1.RW0_en*tile.core.ibuf._T_95,1.4935926979103438,0.0,0.0,0.0,0.0,0.0,0.0,0.0,0.0,0.0,0.0,0.0,0.0
tile.frontend.icache.data_arrays_1.RW0_en*tile.core.ibuf._T_79,0.0,0.31159195319256566,0.0,0.0,0.0,0.0,0.0,0.0,0.0,0.0,0.0,0.0,0.0
tile.frontend.icache.data_arrays_1.RW0_en*tile.core.div._T_45,0.0,0.27640853711614577,0.0,0.0,0.0,0.0,0.0,0.0,0.0,0.0,0.0,0.0,0.0
tile.frontend.icache.data_arrays_1.RW0_en*tile.core.csr._T_3744,0.3217639479125527,0.0,0.0,0.0,0.0,0.0,0.0,0.0,0.0,0.0,0.0,0.0,0.0
tile.frontend.icache.data_arrays_1.RW0_en*tile.core.csr._T_3746,0.0,0.0,0.0,0.0,0.0,0.38194950852309634,0.0,0.0,0.0,0.0,0.0,0.0,0.0
tile.frontend.icache.data_arrays_1.RW0_en*tile.core.csr._T_3749,0.0,0.0,0.0,0.0,0.0,0.918399703410671,0.0,0.0,0.0,0.0,0.0,0.0,0.0
tile.frontend.icache.data_arrays_1.RW0_en*tile.core.csr._T_3832,0.0,0.0,0.0,0.0,0.0,0.06347389517472973,0.0,0.0,0.0,0.0,0.0,0.0,0.0
tile.frontend.icache.data_arrays_1.RW0_en*tile.core.csr._T_3956,0.7239496150265375,0.0,0.0,0.0,0.020417787297536433,0.0,0.0,0.18753552940378596,0.0,0.7086283759984305,0.6975155839373457,0.0,0.8886719106064352
tile.frontend.fq.io_enq_bits_btb_entry*tile.frontend.BTB.io_resp_bits_bht_value,0.4947567367721554,0.0,0.0,0.0,0.0,0.0,0.0,0.0,0.0,0.0,0.0,0.0,0.0
tile.frontend.fq.io_enq_bits_btb_entry*tile.frontend.BTB._T_1247,0.0,0.0,0.0,0.0,0.0,0.0,0.022591087281787044,0.0,0.0,0.0,0.0,0.0,0.0
tile.frontend.fq.io_enq_bits_btb_entry*tile.core.ex_reg_inst_25_,0.0,0.0,0.0,0.0,0.0,0.0,0.04882838202806527,0.0,0.0,0.0,0.0,0.0,0.0
tile.frontend.fq.io_enq_bits_btb_entry*tile.core._T_1305,4.2276671479517605,0.0,0.0,0.0,0.0,0.0,0.0,0.0,0.0,0.0,0.0,0.0,0.0
tile.frontend.fq.io_enq_bits_btb_entry*tile.core.csr._T_3767,1.8812559793712829,0.03023170630157503,0.0,0.0,0.0,0.0,0.37801881324321224,0.0,0.0,0.0,0.0,0.0,0.0
tile.frontend.BTB.io_resp_bits_bht_value*tile.frontend.BTB._T_778,1.4147292056470298,0.0,0.0,0.0,0.0,0.0,0.0,0.0,0.0,0.34742460160335614,0.0,0.0,0.0
tile.frontend.BTB.io_resp_bits_bht_value*tile.frontend.BTB._T_1030,0.0,0.0,0.0,0.0,0.0,0.0,0.0,0.0,0.0,0.12197852543953969,0.0,0.0,0.0
tile.frontend.BTB.io_resp_bits_bht_value*tile.frontend.BTB._T_1137,0.0,0.0,0.0,0.0,0.0,0.0,0.0,0.0,0.0,0.0,0.0,0.7532825092109237,0.0
tile.frontend.BTB.io_resp_bits_bht_value*tile.frontend.BTB._T_1247,0.0,1.123148062755274,0.0,0.0,0.0,0.0,2.632008588953952,0.0,0.0,0.0,0.0,0.0,0.0
tile.frontend.BTB.io_resp_bits_bht_value*tile.fpuOpt.sfma.io_in_bits_fmaCmd,0.0,0.0,0.0,0.0,0.0,0.0,0.0,0.0,0.0,0.0,0.0,0.0,-31.791240924242615
tile.frontend.BTB.io_resp_bits_bht_value*tile.core._T_1873,0.0,0.0,0.0,0.0,0.0,0.0,0.0,0.0,0.0,0.0,0.0,0.0,-82.03571516194567
tile.frontend.BTB.io_resp_bits_bht_value*tile.core.ibuf._T_95,0.0,0.0,0.0,0.0,0.0,0.0,0.0,0.0,0.0,0.0,0.0,0.0,-1.6484179689148413
tile.frontend.BTB.io_resp_bits_bht_value*tile.core.alu._T_138,0.0,0.0,0.0,0.0,0.0,0.0,0.0,0.0,0.0,0.0,0.0,0.0,-2.3440430200156523
tile.frontend.BTB.io_resp_bits_bht_value*tile.core.csr._T_3748,0.0,0.0,0.0,0.0,0.0,0.0,0.0,0.0,0.0,0.0,0.0,0.0,-1.5819037011741628
tile.frontend.BTB._T_403*tile.frontend.BTB._T_646,9.089912923207248,0.0,0.0,0.0,0.0,0.0,1.0644916630599754,0.0,7.116636598380763,0.0,0.0,19.596069675548005,0.0
tile.frontend.BTB._T_403*tile.frontend.BTB._T_1109,0.0,0.0,0.0,0.0,0.0,0.0,0.0,0.0,0.0,5.997688511885754,0.0,0.0,0.0
tile.frontend.BTB._T_403*tile.frontend.BTB._T_1128,0.0,0.0,0.0,0.0,0.0,0.0,1.8427209715070807,0.0,0.0,0.0,0.0,0.0,0.0
tile.frontend.BTB._T_403*tile.frontend.BTB._T_1137,1.533064352074993,0.0,0.0,0.0,0.0,0.0,0.0,0.0,2.2527746508722997,0.0,0.0,2.3485108896490066,0.0
tile.frontend.BTB._T_403*tile.fpuOpt.sfma.io_in_bits_fmaCmd,0.0,0.0,0.0,0.0,0.0,429.80839385474303,0.0,0.0,0.0,0.0,0.0,0.0,0.0
tile.frontend.BTB._T_403*tile.core._T_1305,3.938451067330173,0.0,0.0,0.0,0.0,0.0,0.0,0.0,0.0,0.0,0.0,0.0,0.0
tile.frontend.BTB._T_403*tile.core._T_1768,0.0,5.615246258500418,0.0,0.0,0.0,0.0,0.0,0.0,0.0,0.0,0.0,0.0,0.0
tile.frontend.BTB._T_403*tile.core._T_1873,0.0,16.73708828032109,0.0,0.0,0.0,0.0,75.44436558965512,0.0,0.0,0.0,0.0,0.0,0.0
tile.frontend.BTB._T_403*tile.core.ibuf._T_95,0.0,0.0,0.0,0.0,0.0,0.0,14.04101702558828,0.0,0.0,0.0,0.0,0.0,0.0
tile.frontend.BTB._T_403*tile.core.div._T_45,0.0,0.0,0.0,0.0,0.0,0.0,0.0,0.0,0.0,0.20617573669533137,1.277950812286565,0.0,0.0
tile.frontend.BTB._T_403*tile.core.csr._T_3741,0.0,0.0,0.0,0.0,0.0,0.0,0.0,0.0,0.0,0.25631262777733826,0.0,0.0,0.0
tile.frontend.BTB._T_403*tile.core.csr._T_3767,0.0,0.0,0.0,0.0,0.0,0.0,0.0,0.0,0.0,2.5099833328348464,0.0,0.0,0.0
tile.frontend.BTB._T_403*tile.core.csr._T_3956,0.0,0.0,0.0,0.7292040123607563,0.23074050760815912,0.0,0.0,4.220414477824742,0.0,5.764914208263627,3.401568464291504,0.0,0.0
tile.frontend.BTB._T_442*tile.frontend.BTB._T_516,0.0,0.18850414811140992,0.0,0.0,0.0,0.0,0.0,0.0,0.0,0.0,0.0,0.0,0.0
tile.frontend.BTB._T_442*tile.frontend.BTB._T_828,0.0,0.0,0.0,0.0,0.0,0.0,0.0,0.16307623990568465,0.0,1.3077283592827347,0.5572700855325619,0.0,0.0
tile.frontend.BTB._T_442*tile.frontend.BTB._T_1109,0.0,0.0,0.0,0.0,0.0,0.0,0.0,0.0,0.0,1.9610446147872156,0.0,0.0,0.0
tile.frontend.BTB._T_442*tile.fpuOpt.sfma.io_in_bits_fmaCmd,0.0,64.13190660513355,0.0,0.0,0.0,168.0955623786519,47.09614724442345,0.0,0.0,0.0,0.0,0.0,-498.4132733482992
tile.frontend.BTB._T_442*tile.core.div._T_45,0.0,0.0,0.0,0.0,0.0,0.0,0.0,0.0,0.0,2.3634315946980267,0.5192604414908485,0.0,0.0
tile.frontend.BTB._T_442*tile.core.csr._T_3741,0.0,0.23276017681748598,0.0,0.0,0.0,0.0,1.4665768984675749,0.0,0.0,0.0,0.0,0.0,0.0
tile.frontend.BTB._T_459*tile.frontend.BTB._T_825,0.0,0.0,0.0,0.0,0.0,0.0,0.696508076587296,1.1503480747311539,0.0,3.395079399756265,1.0214677701962263,0.0,0.0
tile.frontend.BTB._T_459*tile.frontend.BTB._T_1137,0.0,0.0,0.0,0.0,0.0,0.0,0.0,0.0,0.0,0.0,0.0,0.20390320287607816,0.0
tile.frontend.BTB._T_459*tile.core.ibuf._T_95,0.0,0.0,0.0,0.0,0.0,0.0,2.140196770135962,0.0,0.0,0.0,0.0,0.0,0.0
tile.frontend.BTB._T_459*tile.core.csr._T_3749,0.0,0.0,0.0,0.0,0.0,0.0,3.0427981006632114,0.0,0.0,0.0,0.0,0.0,0.0
tile.frontend.BTB._T_516*tile.frontend.BTB._T_646,0.0,0.0,0.0,0.0,0.0,0.0,0.008429120289540732,0.0,0.45661605805910055,0.0,0.0,17.84778768105872,0.0
tile.frontend.BTB._T_516*tile.frontend.BTB._T_778,0.0,0.0,0.0,0.0,0.0,0.0,0.0,0.0,2.3525066316572802,0.0,0.0,0.0,0.0
tile.frontend.BTB._T_516*tile.frontend.BTB._T_1030,0.0,65.44578840027113,0.0,0.0,0.0,20.434524491396857,48.168072455462365,0.0,0.0,0.0,0.0,0.0,0.0
tile.frontend.BTB._T_516*tile.frontend.BTB._T_1137,0.0,0.0,0.0,0.0,0.0,0.0,0.7427480361404811,0.0,0.6835210204727541,0.0,0.0,0.0,0.0
tile.frontend.BTB._T_516*tile.core._T_1623,0.0,0.0,0.0,0.0,0.0,0.0,0.0,0.0,0.0,0.49595783933051785,0.0,0.0,0.0
tile.frontend.BTB._T_517*tile.frontend.BTB._T_1247,0.0,0.0,0.0,0.0,0.0,0.0,0.664617111297231,0.0,0.0,0.0,0.0,0.0,0.0
tile.frontend.BTB._T_646*tile.frontend.BTB._T_1030,0.0,0.0,0.0,0.0,0.0,0.0,0.0,0.0,0.0,0.0,0.0,23.513120226171438,0.0
tile.frontend.BTB._T_778*tile.frontend.BTB._T_1079,0.0,0.0,0.0,0.0,0.0,0.0,0.0,0.0,0.0,0.0,0.0,19.21621204623036,0.0
tile.frontend.BTB._T_778*tile.core.csr._T_3956,0.0,0.0,0.0,0.0,0.0,0.0,0.0,0.0,0.0,0.6523326932811658,0.0,0.0,0.0
tile.frontend.BTB._T_825*tile.frontend.BTB._T_1030,0.0,19.535069847735972,0.0,0.0,0.0,20.34719191739785,0.0,0.0,0.0,0.0,0.0,0.0,0.0
tile.frontend.BTB._T_825*tile.frontend.BTB._T_1065,0.0,0.0,0.0,0.0,0.0,13.40660155110281,0.0,0.0,0.0,0.0,0.0,0.0,0.0
tile.frontend.BTB._T_825*tile.core.div._T_45,0.0,0.0,0.0,0.0,0.0,0.0,0.0,0.0,0.0,0.0,0.0,0.22190619167546488,0.0
tile.frontend.BTB._T_825*tile.core.csr._T_3767,0.0,0.0,0.0,0.0,0.0,0.0,0.0,0.10921051266883437,0.0,0.6668958534687265,0.5802891435343983,0.0,0.0
tile.frontend.BTB._T_828*tile.frontend.BTB._T_1065,0.0,67.90981897413435,0.0,0.0,0.0,0.0,0.0,0.0,0.0,0.0,0.0,0.0,0.0
tile.frontend.BTB._T_828*tile.frontend.BTB._T_1109,0.0,32.51619683092886,0.0,0.0,0.0,0.0,0.0,0.0,0.0,0.0,0.0,0.0,0.0
tile.frontend.BTB._T_828*tile.core.ex_reg_inst_25_,0.0,0.16197380759631286,0.0,0.0,0.0,0.0,0.0,0.0,0.0,0.0,0.0,0.0,0.0
tile.frontend.BTB._T_828*tile.core.mem_reg_inst_7_,0.0,0.26873426639764686,0.0,0.0,0.0,0.0,0.0,0.0,0.0,0.0,0.0,0.0,0.0
tile.frontend.BTB._T_828*tile.core._T_1873,0.0,63.696298590986665,0.0,0.0,0.0,31.71025512351769,52.64972958947143,0.0,0.0,0.0,0.0,0.0,0.0
tile.frontend.BTB._T_828*tile.core.ibuf._T_95,0.0,0.0,0.0,0.0,0.0,0.0,1.6036394935408484,0.0,0.0,0.0,0.0,0.0,0.0
tile.frontend.BTB._T_828*tile.core.ibuf._T_79,0.0,0.1840544666965437,0.0,0.0,0.0,0.0,0.0,0.0,0.0,0.0,0.0,0.0,0.0
tile.frontend.BTB._T_828*tile.core.div._T_45,0.0,0.0,0.0,0.0,0.0,0.0,0.0,0.0,0.0,4.888524980837823,0.0,0.0,0.0
tile.frontend.BTB._T_828*tile.core.csr._T_3749,0.0,1.6449436225515806,0.0,0.0,0.0,0.0,0.4954153201454065,0.0,0.0,0.0,0.0,0.0,0.0
tile.frontend.BTB._T_828*tile.core.csr._T_3956,0.0,0.0,0.0,0.0,0.0,0.0,0.0,1.115531798478271,0.0,1.4764796696622782,1.1387220539023388,0.0,0.0
tile.frontend.BTB._T_1030*tile.core.div._T_45,0.0,0.0,0.0,0.0,0.0,0.0,0.0,0.0,0.0,0.0,0.2094245805074474,0.0,0.0
tile.frontend.BTB._T_1030*tile.core.csr._T_3956,0.0,0.0,0.0,0.0,0.0,0.0,0.8522496904265442,0.0,0.0,0.0,0.0,0.0,0.0
tile.frontend.BTB._T_1065*tile.fpuOpt.sfma.io_in_bits_fmaCmd,0.0,84.47618858536133,0.0,0.0,0.0,187.9977009080528,0.0,0.0,0.0,0.0,0.0,0.0,-4.45141766597177
tile.frontend.BTB._T_1065*tile.core.div._T_45,0.0,0.0,0.0,0.0,0.0,0.0,0.0,0.0,0.0,1.654476261663913,0.0,0.0,0.0
tile.frontend.BTB._T_1065*tile.core.csr._T_3741,0.0,0.0,0.0,0.0,0.0,0.0,1.0827526758050905,0.0,0.0,0.0,0.0,0.0,0.0
tile.frontend.BTB._T_1065*tile.core.csr._T_3767,0.0,0.07165872848098619,0.0,0.0,0.0,0.0,0.0,0.0,0.0,0.0,0.0,0.0,0.0
tile.frontend.BTB._T_1079*tile.frontend.BTB._T_1247,56.49433069191405,0.0,0.0,0.0,1.6906789630107883,0.0,0.0,0.0,0.0,0.0,3.822765910662633,0.0,0.0
tile.frontend.BTB._T_1079*tile.core.div._T_45,0.0,0.0,0.0,0.0,0.0,0.0,0.0,0.0,3.6206065206220948,0.0,0.0,0.0,0.0
tile.frontend.BTB._T_1079*tile.core.csr._T_3741,0.0,0.0,0.0,0.0,0.0,0.0,0.0,0.0,0.0,0.3413167245059089,0.0,0.0,0.0
tile.frontend.BTB._T_1079*tile.core.csr._T_3746,0.0,0.0,0.0,0.0,0.0,0.0,0.24559292438797045,0.0,0.0,0.0,0.0,0.0,0.0
tile.frontend.BTB._T_1079*tile.core.csr._T_3749,0.0,4.932808277659568,0.0,0.0,0.0,0.0,0.0,0.0,0.0,0.0,0.0,0.0,0.0
tile.frontend.BTB._T_1079*tile.core.csr._T_3767,0.0,0.0,0.0,0.0,0.0,0.0,0.0,0.0,0.0,2.7303395242820043,0.0,0.0,0.0
tile.frontend.BTB._T_1079*tile.core.csr._T_3956,0.0,0.0,0.0,0.0,0.0,0.0,0.0,4.410709492585813,0.0,4.329409938924852,2.1051919998071855,0.0,0.0
tile.frontend.BTB._T_1109*tile.frontend.BTB._T_1128,0.0,0.0,0.0,0.0,0.0,21.59991249025793,0.0,0.0,0.0,0.0,0.0,0.0,0.0
tile.frontend.BTB._T_1109*tile.fpuOpt.sfma.io_in_bits_fmaCmd,0.0,0.0,0.0,0.0,0.0,96.87773650279576,0.0,0.0,0.0,0.0,0.0,0.0,0.0
tile.frontend.BTB._T_1128*tile.frontend.BTB._T_1247,0.0,0.0,0.0,0.0,0.0,0.0,0.13674101141842832,0.0,0.0,0.0,0.0,0.0,0.0
tile.frontend.BTB._T_1137*tile.fpuOpt.sfma.io_in_bits_fmaCmd,0.0,0.0,0.0,0.0,0.0,8.59824024517577,0.0,0.0,0.0,0.0,0.0,0.0,0.0
tile.frontend.BTB._T_1137*tile.core._T_1897,0.0,0.0,0.0,0.0,0.0,5.858821137537979,0.0,0.0,0.0,0.0,0.0,0.0,0.0
tile.frontend.BTB._T_1247*tile.core._T_374,0.0,0.0,0.0,0.0,0.0,0.0,0.0,0.0,1.9588689504425574,0.0,0.0,0.0,0.0
tile.frontend.BTB._T_1247*tile.core._T_1768,0.0,0.04991229601237348,0.0,0.0,0.0,0.0,0.0,0.0,0.0,0.0,0.0,0.0,0.0
tile.frontend.BTB._T_1247*tile.core._T_1873,0.0,30.71188023664042,0.0,0.0,0.0,0.0,44.95843198942188,0.0,0.0,0.0,0.0,0.0,-97.89417181367561
tile.frontend.BTB._T_1247*tile.core.csr._T_3741,0.0,0.0,0.0,0.0,0.0,0.0,0.0,0.0,2.0139207533038292,0.0,0.0,0.0,0.0
tile.frontend.BTB._T_1247*tile.core.csr._T_3748,0.0,0.0,0.0,0.0,0.0,0.0,0.0,0.0,4.749121900577284,0.0,0.0,0.0,0.0
tile.frontend.BTB._T_1247*tile.core.csr._T_3749,0.0,1.4371837860203656,0.0,0.0,0.0,0.0,1.4534434355320034,0.0,0.0,0.0,0.0,0.0,0.0
tile.frontend.BTB._T_1247*tile.core.csr._T_3956,1.4435312003753211,0.0,0.0,0.0,0.0,0.0,0.0,0.0,0.32725253539623317,0.0,0.0,0.0,0.0
tile.fpuOpt.sfma.io_in_bits_fmaCmd*tile.core.mem_reg_inst_7_,0.0,0.0,0.0,0.0,0.0,42.9309279153442,0.0,0.0,0.0,0.0,0.0,0.0,0.0
tile.fpuOpt.sfma.io_in_bits_fmaCmd*tile.core._T_374,0.9808134924069645,0.0,0.0,0.0,0.0,0.0,0.3012681346192241,0.0,0.0,0.0,0.0,0.0,0.0
tile.fpuOpt.sfma.io_in_bits_fmaCmd*tile.core._T_1768,0.0,0.0,0.0,0.0,0.0,108.06982740759423,0.0,0.0,0.0,0.0,0.0,0.0,0.0
tile.fpuOpt.sfma.io_in_bits_fmaCmd*tile.core.csr._T_3744,0.0,0.0,1.981281097472178,0.0,0.0,0.0,0.0,0.0,0.0,0.0,0.0,0.0,0.0
tile.fpuOpt.sfma.io_in_bits_fmaCmd*tile.core.csr._T_4128,0.0,0.0,1.355875648326191,0.0,0.0,0.0,0.0,0.0,0.0,0.0,0.0,0.0,0.0
tile.core.ex_reg_inst_25_*tile.core._T_1623,0.0,1.1681403614163126,0.0,0.0,0.0,0.0,0.8547757905120551,0.0,0.0,0.0,0.0,0.0,0.0
tile.core.ex_reg_inst_25_*tile.core._T_1305,0.0,0.38652642566328355,0.0,0.0,0.0,0.0,0.0,0.0,0.0,0.0,0.0,0.0,0.0
tile.core.ex_reg_inst_25_*tile.core.csr._T_3741,0.0,0.03278786075575851,0.0,0.0,0.0,0.0,0.0,0.0,0.0,0.0,0.0,0.0,0.0
tile.core.mem_reg_inst_7_*tile.core._T_1873,0.0,3.843235669036603,0.0,0.0,0.0,0.0,6.124286160701751,0.0,0.0,0.0,0.0,0.0,0.0
tile.core.mem_reg_inst_7_*tile.core.alu._T_138,0.0,0.0,0.0,0.0,0.0,0.0,0.0,0.0,0.0,0.0,0.0,0.0,-1.944208130782704
tile.core.mem_reg_inst_7_*tile.core.div._T_45,0.0,1.1378260502029396,0.0,0.0,0.0,0.0,0.0,0.0,0.0,0.0,0.0,0.0,0.0
tile.core.mem_reg_inst_7_*tile.core.csr._T_3741,0.0,0.0,1.5901642012235342,0.0,0.0,0.0,0.0,0.0,0.0,0.0,0.0,0.0,0.0
tile.core.mem_reg_inst_17_*tile.core._T_374,1.676122464340629,0.0,0.0,0.0,0.0,0.0,0.0,0.0,0.0,0.0,0.0,0.0,0.0
tile.core.mem_reg_inst_17_*tile.core.ibuf._T_95,0.0,0.0,0.0,0.0,0.0,2.5142982307288038,0.0,0.0,0.0,0.0,0.0,0.0,0.0
tile.core._T_374*tile.core._T_1897,0.0,0.0,2.3559428060076213,0.0,0.0,0.0,0.0,0.0,0.0,0.0,0.0,0.0,0.0
tile.core._T_374*tile.core.csr._T_3741,5.338687169739174,0.0,0.0,0.0,0.0,0.0,0.8853031840143128,0.0,0.0,0.0,0.0,0.0,0.0
tile.core._T_374*tile.core.csr._T_4128,0.0,0.0,0.0,0.0,0.0,0.0,0.0013919321447933629,0.0,0.0,0.0,0.0,0.0,0.0
tile.core._T_598*tile.core._T_1897,0.0,0.0,0.0,0.0,0.0,8.417945236277598,0.0,0.0,0.0,0.0,0.0,0.0,0.0
tile.core._T_1623*tile.core._T_1897,0.0,0.0,0.0,0.0,0.0,2.053881164259348,0.0,0.0,0.0,0.0,0.0,0.0,0.0
tile.core._T_1623*tile.core.csr._T_3749,0.0,0.0,0.0,0.0,0.0,0.0,0.0,0.0,0.0,0.0,0.0,0.0,-5.901373755532135
tile.core._T_1305*tile.core._T_1768,0.0,0.20710822781261629,0.0,0.0,0.0,0.0,0.0,0.0,0.0,0.0,0.0,0.0,0.0
tile.core._T_1305*tile.core.csr._T_3741,0.0,0.4113257323271008,0.0,0.0,0.0,0.0,0.0,0.0,0.0,0.0,0.0,0.0,0.0
tile.core._T_1305*tile.core.csr._T_3767,0.0,0.0,0.0,0.0,0.0,0.0,0.5095550835827006,0.0,0.0,0.0,0.0,0.0,0.0
tile.core._T_1768*tile.core.div._T_45,0.0,2.853964815302495,0.0,0.0,0.0,0.0,0.0,0.0,0.0,0.0,0.0,0.0,0.0
tile.core._T_1768*tile.core.csr._T_3741,0.0,1.7961812941686772,0.0,0.0,0.0,0.0,0.0,0.0,0.0,0.0,0.0,0.0,0.0
tile.core._T_1873*tile.core._T_1897,0.0,0.0,0.0,0.0,0.0,0.0,19.732498109979556,0.0,0.0,0.0,0.0,0.0,0.0
tile.core._T_1873*tile.core.csr._T_3749,0.0,11.928062479823442,0.0,0.0,0.0,2.4085318418763264,0.0,0.0,0.0,0.0,0.0,0.0,0.0
tile.core._T_1873*tile.core.csr._T_3832,0.0,2.0313356439276027,0.0,0.0,0.0,3.8092791277646687,0.0,0.0,0.0,0.0,0.0,0.0,0.0
tile.core._T_1873*tile.core.csr._T_4128,0.0,1.7872504175242527,0.0,0.0,0.0,0.0,0.0,0.0,0.0,0.0,0.0,0.0,0.0
tile.core.ibuf._T_79*tile.core.alu._T_138,0.0,0.0,0.0,0.0,0.0,0.0,0.0,0.0,0.0,0.0,0.0,0.0,-1.1894818232964055
tile.core.ibuf._T_79*tile.core.div._T_45,0.0,0.3389056428857249,0.0,0.0,0.0,0.0,0.0,0.0,0.0,0.0,0.0,0.0,0.0
tile.core.div._T_45*tile.core.csr._T_3741,0.0,0.06381403906808136,0.0,0.0,0.0,0.0,0.0,0.0,0.0,0.0,0.0,0.0,0.0
tile.core.div._T_45*tile.core.csr._T_3746,0.0,0.9918912291041764,0.0,0.0,0.0,0.0,0.0,0.0,0.0,0.0,0.0,0.0,0.0
tile.core.div._T_45*tile.core.csr._T_3747,0.0,1.4489947894265838,0.0,0.0,0.0,0.0,0.0,0.0,0.0,0.0,0.0,0.0,0.0
tile.core.div._T_45*tile.core.csr._T_3748,0.0,2.591987743256371,0.0,0.0,0.0,0.0,0.0,0.0,6.131845598721537,0.0,0.0,0.0,0.0
tile.core.div._T_45*tile.core.csr._T_3832,0.0,0.3835102063384394,0.0,0.0,0.0,0.0,0.0,0.0,0.0,0.0,0.0,0.0,0.0
tile.core.div._T_45*tile.core.csr._T_4128,0.0,0.2090468610059337,0.0,0.0,0.0,0.0,0.0,0.0,0.0,0.0,0.0,0.0,0.0
tile.core.csr._T_3741*tile.core.csr._T_3743,0.0,0.0,1.4897242452436588,0.0,0.0,0.0,0.0,0.0,0.0,0.0,0.0,0.0,0.0
tile.core.csr._T_3741*tile.core.csr._T_3744,0.0,0.0,0.4956548257933793,0.0,0.0,0.0,0.0,0.0,0.0,0.0,0.0,0.0,0.0
tile.core.csr._T_3741*tile.core.csr._T_3832,0.0,0.0,0.7648237288324399,0.0,0.0,0.0,0.0,0.0,0.0,0.0,0.0,0.0,0.0
tile.core.csr._T_3741*tile.core.csr._T_3956,16.15335961830908,0.0,0.0,0.0,0.5831988109107333,0.0,0.0,1.205745929358664,0.0,1.5883871692529368,1.3501605567270967,0.0,0.17434140837545425
tile.core.csr._T_3741*tile.core.csr._T_4128,0.0,0.0,1.6325956929805252,0.0,0.0,0.0,0.0,0.0,0.0,0.0,0.0,0.0,0.0
sbus.system_bus_xbar._T_2625*sbus.system_bus_xbar._T_2625,0.0,0.0,7.83037018024986,0.0,0.0,0.0,0.0,0.0,0.0,0.0,0.0,0.0,0.0
tile.dcache._T_686*tile.dcache._T_686,3.8112481500434954,0.0,0.0,0.0,0.0,0.0,0.0,0.0,0.0,0.0,0.0,0.0,0.0
tile.dcache._T_688*tile.dcache._T_688,99.54919354199647,0.0,3.9701532259662726,0.0,0.0,0.0,0.0,0.0,0.0,0.0,0.0,0.0,0.0
tile.hwacha.io_cmd_bits_inst_rd*tile.hwacha.io_cmd_bits_inst_rd,0.0,0.0,0.0,0.0,0.0,21.086034215058447,0.0,0.0,0.0,0.0,0.0,0.0,0.0
tile.hwacha.vus.vxuInst.seqInst.io_debug_second_sched_1*tile.hwacha.vus.vxuInst.seqInst.io_debug_second_sched_1,0.0,0.0,0.0,0.0,0.0,0.0,0.0,0.0,0.0,3.0741300635671185,0.9771804483014107,0.0,0.0
tile.hwacha.vus.vxuInst.laneInst.vfmuInst._T_1246*tile.hwacha.vus.vxuInst.laneInst.vfmuInst._T_1246,50.11597099145349,0.0,0.0,0.0,0.0,0.0,0.0,0.0,0.0,0.0,0.0,0.0,8.021692160757873
tile.hwacha.vus.vxuInst.laneInst.vfmuInst_1._T_780*tile.hwacha.vus.vxuInst.laneInst.vfmuInst_1._T_780,0.0,0.0,0.0,0.0,0.0,0.0,0.0,0.0,0.0,0.0,244.13543186534562,0.0,0.0
tile.hwacha.vus.vxuInst.laneInst.vfmuInst_3.fmaInst_1.roundRawFNToRecFN.roundAnyRawFNToRecFN._T_94*tile.hwacha.vus.vxuInst.laneInst.vfmuInst_3.fmaInst_1.roundRawFNToRecFN.roundAnyRawFNToRecFN._T_94,0.0,0.0,0.0,0.0,0.0,0.0,0.0,0.0,0.0,0.0,0.6036030998673554,0.0,0.0
tile.hwacha.vus.vxuInst.laneInst.vfvuInst.fn_fp*tile.hwacha.vus.vxuInst.laneInst.vfvuInst.fn_fp,0.0,0.0,0.0,0.0,0.0,0.0,0.0,0.0,0.0,0.0,143.29706557635552,0.0,3.909386736384625
tile.hwacha.vus.vxuInst.dccInst.vduInst.fdivInst.divInst.ds.divSqrtRecF64ToRaw._T_518*tile.hwacha.vus.vxuInst.dccInst.vduInst.fdivInst.divInst.ds.divSqrtRecF64ToRaw._T_518,0.0,0.0,0.0,0.0,0.0,0.0,0.0,0.0,0.0,13.471251064719949,0.0,0.0,0.0
tile.hwacha.vus.vxuInst.dccInst.vduInst.fdivInst.outtagqInst._T_43*tile.hwacha.vus.vxuInst.dccInst.vduInst.fdivInst.outtagqInst._T_43,0.0,0.0,0.0,0.0,0.0,0.0,0.0,0.0,0.0,10.426462332833387,0.0,0.0,0.0
tile.frontend.icache.data_arrays_0.RW0_en*tile.frontend.icache.data_arrays_0.RW0_en,0.0,0.0,0.0,0.0,0.0,0.0,0.0,0.0,0.7235482022856866,0.0,0.0,0.0,0.0
tile.frontend.BTB.io_resp_bits_bht_value*tile.frontend.BTB.io_resp_bits_bht_value,0.0,0.0,0.0,0.0,0.0,0.0,0.0,0.0,0.5099642489262227,0.0,0.0,0.0,0.0
tile.frontend.BTB._T_459*tile.frontend.BTB._T_459,11.157984675531573,0.0,0.0,0.41416675724590746,0.25846899850220517,0.0,0.0,2.5512540226513445,0.0,4.8578841997963025,2.5350136886107166,0.0,0.0
tile.frontend.BTB._T_825*tile.frontend.BTB._T_825,0.0,0.0,0.0,0.0,0.0,0.0,0.008754887402427023,1.710805071447933,0.0,0.6548111402609677,0.0,0.0,0.0
tile.frontend.BTB._T_1030*tile.frontend.BTB._T_1030,0.0,0.0,0.0,0.0,0.0,0.0,0.0,5.012130431171443,0.0,9.232268567266727,1.8131455359966027,0.0,0.0
tile.core._T_1305*tile.core._T_1305,0.35084173658534135,0.31650432691141334,0.0,0.0,0.0,0.0,0.0,0.0,0.0,0.0,0.0,0.0,0.0
tile.core.ibuf._T_95*tile.core.ibuf._T_95,29.305567197499837,0.0,0.0,0.0,0.0,0.0,0.0,0.0,0.0,0.0,0.0,0.0,0.0
tile.core.ibuf._T_79*tile.core.ibuf._T_79,0.0,0.0,0.0,0.0,0.0,0.0,0.0,0.0,0.0,0.0,0.0,0.0,-0.6736823733001815
tile.core.csr._T_3743*tile.core.csr._T_3743,1.625762493211995,0.0,0.0,0.0,0.0,0.0,0.0,0.0,0.0,0.0,0.0,0.0,0.0
tile.core.csr._T_3744*tile.core.csr._T_3744,1.2922673415281094,0.0,0.0,0.0,0.0,0.0,0.0,0.0,0.0,0.0,0.0,0.0,0.0
tile.core.csr._T_3832*tile.core.csr._T_3832,4.590328406576661,0.0,0.0,0.0,0.0,0.0,0.0,0.0,0.0,0.0,0.0,0.0,0.0
tile.core.csr._T_3956*tile.core.csr._T_3956,0.8480379906824455,0.0,0.0,0.0,0.0,0.0,0.0,0.0,0.0,0.0,0.0,0.0,0.0
tile.core.csr._T_4128*tile.core.csr._T_4128,0.3855957515963108,0.0,0.0,0.0,0.0,0.0,0.0,0.0,0.0,0.0,0.0,0.0,0.0
